Compound ID,ALT,homodimer_dG,monomer_dG,ddG_dimerization,wing5_homodimer_dG,wing3_homodimer_dG,wing5_wing3_dG
116847,34.27777777777778,-4.403980236830932,-0.05249457293857491,-4.298991090953782,-2.823779734467297,-2.574986869741726,-3.2176909052226845
141923,88.66666666666667,-8.880662836349888,-1.9868882563082355,-4.906886323733417,,,
142082,81.5,-5.727614628567105,-0.6009365341306974,-4.52574156030571,-3.6155013858546647,-3.4258933894607235,-3.986204086078665
146779,43.0,-4.014038933832748,-0.062238430741895306,-3.8895620723489577,-3.5365962520631538,,-2.933205244877535
146786,31.666666666666668,-4.139808107052593,-0.07696328407722755,-3.9858815388981377,-2.7047281224988464,,-2.9148071874547266
147420,1599.4,-4.338759766234197,-0.103632237852616,-4.131495290528965,-3.480275705367359,-2.574986869741726,-3.5532140627359947
299005,50.0,-3.92221580581724,-0.015073818391950728,-3.8920681690333385,-2.7782505595625846,,-2.4965891974832264
304299,44.833333333333336,-5.464796222911043,-0.42204174093625335,-4.6207127410385365,,-3.684798813356552,-3.682092636028121
304309,512.8,-4.5215526435890885,-0.13750506097598797,-4.246542521637113,-3.5456262336244624,-2.6910598480481314,-3.647184370470272
304311,34.0,-5.445221992317394,-0.43807165613848453,-4.569078680040425,,,
304312,43.0,-5.322621290886436,-0.41650902707079285,-4.48960323674485,,-2.629115798136584,-2.3785647055443473
304313,42.0,-8.905116218086139,-2.027815936656556,-4.849484344773027,-3.041853081692726,-3.5365962520631538,-3.510846795426706
304538,71.0,-4.5608744546209525,-0.11590871868573546,-4.3290570172494816,,,-3.512653128774142
304539,151.0,-4.757763282394516,-0.161531602482404,-4.434700077429708,-3.052108371527139,,-2.729147819505534
325568,47.0,-4.647359841798794,-0.13602199869605733,-4.375315844406679,,,
353382,30.0,-12.710949344983558,-0.7829224194027578,-11.145104506178042,-3.587684653619558,,-2.7183911438949284
373125,36.0,-4.942811764790224,-0.28627343548410145,-4.370264893822021,-3.3619226398268385,-2.582769405570667,-3.7370434003817303
377131,36.75,-5.270204418739792,-0.5703922950097309,-4.12941982872033,-3.1434108720337686,,-3.878616841066709
387973,37.0,-5.454243015655283,-0.31035455482894997,-4.833533905997383,-4.016840352743225,-3.3817247244714412,-3.297474210161927
387975,67.0,-10.002053369153304,-0.9442426661951685,-8.113568036762967,-3.623803622022508,-3.6473103740150976,-4.059486753378546
387978,33.0,-8.863120476326067,-0.676757583904621,-7.509605308516825,,-3.3694933287240216,-3.786649972106974
387983,45.0,-7.05842748932733,-0.9336613167280411,-5.191104855871248,,-2.5592382046376425,-2.7903533734541406
387984,60.0,-7.833917642318378,-1.1178208683207314,-5.598275905676915,-4.687432049233783,-1.7921753153597857,-4.159988402531828
387985,30.0,-6.584902177643375,-0.5539520248634162,-5.476998127916543,,-4.923449278252422,-3.9030674576646107
387986,780.0,-6.724380369900979,-0.7356464310204579,-5.253087507860063,-3.543649525076898,-3.3817247244714412,-4.372384941775164
388004,36.0,-8.175826959438476,-0.7919074010769547,-6.592012157284566,,-3.3817247244714412,-4.624214350531663
388008,48.0,-7.556044926226374,-1.2810496209751479,-4.993945684276078,-5.147023516587696,-4.921569075878132,-6.253278586399759
388010,73.0,-5.855616389592467,-0.3418215122721176,-5.171973365048232,-3.677182016844981,-4.005753861364933,-4.348834487305375
398471,33.0,-3.6186100748484424,-0.04636388005954639,-3.5258823147293494,-2.4547759950818393,,-2.9451614191648416
398486,447.0,-4.448227214742065,-0.24672782024697507,-3.954771574248115,-2.4717285393542383,-1.997665319915086,-2.8704624491328983
398491,56.0,-4.1793274030193155,-0.199113346091112,-3.7811007108370913,,-3.366695189147141,-2.933205244877535
398506,884.0,-4.193105002678331,-0.11226746979852015,-3.968570063081291,-2.561325680984191,-2.5968604333672203,-2.9299770640486114
398507,2381.0,-3.938075635915853,-0.08236076948253451,-3.7733540969507837,,-2.628233934149791,-3.183816118748138
398508,643.0,-4.065865046074621,-0.0963585179951624,-3.873148010084296,-2.593135862132229,-2.628233934149791,-3.1499081944156635
404173,63.25,-5.403898578429211,-0.3852938610785593,-4.633310856272092,-3.4096616511668056,-2.7364523714200675,-3.4657832988878634
407935,373.0,,0.0,,,,
409826,98.66666666666667,-5.04690453049777,-0.228581215539806,-4.5897420994181575,,-3.4459291010065765,-3.0520433838459895
410002,149.66666666666666,-5.403898578429211,-0.3852938610785593,-4.633310856272092,,-2.7364523714200675,-2.681534504224231
410003,53.0,-5.727614628567105,-0.6009365341306974,-4.52574156030571,,-3.4258933894607235,-2.8413810876106966
412223,60.0,-4.404433938804333,-0.10944170449446845,-4.185550529815396,-3.2039891138621908,-1.895332921830127,-2.866400008958164
412224,214.0,-5.218997945812811,-0.25586961233582867,-4.707258721141153,-3.4459291010065765,,-3.261723090757296
412225,40.0,-4.152948509358609,-0.1244001268006677,-3.9041482557572733,,,-2.673638966130581
413481,85.0,-4.949474453489838,-0.13140948740328665,-4.686655478683265,-1.772353620267618,,-2.4406472766368306
413482,54.0,-4.636097002508226,-0.24030569876992056,-4.155485604968385,,-2.5200811349237866,-1.9789600412233554
416825,295.0,-4.394552253663219,-0.05476231081777213,-4.285027632027675,-3.2752485078342954,-2.2480933007914135,-3.2167025415972197
416826,754.0,-4.517105167712098,-0.07453071631968515,-4.368043735072728,-2.629115798136584,-2.449753033877369,-3.2332630900205124
416838,81.0,-4.872715343065104,-0.27696057133890895,-4.318794200387286,,-2.887607661944378,-2.9148071874547266
416848,153.0,-4.352956334501504,-0.10414887418571928,-4.144658586130065,-3.2039891138621908,-1.9811221590685817,-2.9177414731938245
416849,1056.0,-4.923415070175126,-0.13325698852928894,-4.656901093116548,-2.5200811349237866,-1.9811221590685817,-2.659726294589892
416850,74.36666666666666,-4.92343893564207,-0.12971559604778327,-4.664007743546503,-2.438536868675034,,-1.961273588336079
416851,47.0,-4.949474453489838,-0.13140948740328656,-4.686655478683265,-2.7047281224988464,,-2.4406472766368306
416852,49.0,-4.981785218022505,-0.14755236569862956,-4.686680486625246,,-1.9619230181515694,-2.673638966130581
416853,1023.0,-4.997855783385205,-0.16571000665490968,-4.666435770075386,,-2.2440964064076434,-2.364130328060901
416854,1613.0,-5.097809447078689,-0.2273805035640941,-4.643048439950501,-2.495819605023395,,-2.4172698105901986
416855,786.0,-5.097809447078689,-0.2273805035640941,-4.643048439950501,-2.495819605023395,,-2.4172698105901986
416856,130.0,-5.1525283752885604,-0.22620804932223776,-4.700112276644085,-3.3619226398268385,,-3.2674505230163655
416857,370.0,-5.03467191434463,-0.19678305644122576,-4.641105801462178,-3.3619226398268385,-2.449458524953813,-3.2010273462858088
416858,172.0,-5.1198725857840675,-0.22736893160151053,-4.665134722581047,-2.5968604333672203,-2.449458524953813,-3.263384715626346
416859,214.0,-4.9164260103731845,-0.2567361458015349,-4.402953718770115,,-3.2039891138621908,-2.917631882165336
416860,189.0,-4.560929192988143,-0.23285426373379356,-4.095220665520555,,-2.438536868675034,-1.961273588336079
416861,38.0,-4.400075852915436,-0.1904104735620629,-4.0192549057913105,,-2.7047281224988464,-2.4406472766368306
416862,225.0,-4.151044734116628,-0.13506832585667186,-3.880908082403284,,-1.772353620267618,-2.258355720215834
416863,41.0,-4.151044734116628,-0.13506832585667186,-3.880908082403284,,-1.772353620267618,-2.258355720215834
416864,54.0,-4.152948509358609,-0.1244001268006677,-3.9041482557572733,,,-2.673638966130581
416865,383.0,-4.137032194228684,-0.11096086267419529,-3.9151104688802936,-1.9619230181515694,,-2.9201958318876162
416866,36.0,-4.052168957993045,-0.0954958394913718,-3.861177279010301,-1.9619230181515694,-2.495819605023395,-3.118158129849954
416867,45.0,-4.344648373887181,-0.10957710637226635,-4.125494161142648,-2.7364523714200675,-3.4459291010065765,-3.414650346761579
416892,1177.0,-4.394552253663219,-0.05476231081777213,-4.285027632027675,,-1.753651748421824,-2.096905160867117
416925,576.0,-4.949474453489838,-0.13140948740328665,-4.686655478683265,,,-1.1668776937268008
416999,507.6666666666667,-4.923415070175126,-0.13325698852928894,-4.656901093116548,,-1.9811221590685817,-1.30015966232487
417002,929.3333333333334,-4.949474453489838,-0.13140948740328665,-4.686655478683265,,,
417003,922.6666666666666,-4.981785218022505,-0.14755236569862956,-4.686680486625246,,-1.9619230181515694,-1.961273588336079
420470,60.75,-6.337405269722709,-0.5737557260099545,-5.189893817702799,-2.628233934149791,,-3.191312825731629
420476,52.25,-5.3416559743941425,-0.21585655031844375,-4.909942873757255,-3.5939902059390896,-3.491100451990444,-3.9572649334069117
420913,42.0,-5.505473478773757,-0.42600651042020404,-4.653460457933349,,-4.131897101430084,-3.398998495529476
420915,41.603238866396765,-7.58705549058026,-0.8700811277183124,-5.846893235143636,-2.5814727635412775,-2.057207607224364,-3.17847856855623
420919,63.0,-6.05674802513881,-0.5954045708373374,-4.8659388834641355,-3.976699939620404,-2.593135862132229,-4.050884352443294
420921,49.0,-6.596732888074909,-0.5139301593364084,-5.568872569402092,-2.7782505595625846,-3.6473103740150976,-3.6867028553207732
420922,41.0,-6.569698766667719,-0.42895748051365057,-5.711783805640418,-2.256448785576293,-3.7839116628976055,-3.43346120595396
420937,33.0,-7.000999503697899,-0.7074780490744872,-5.586043405548924,-2.629115798136584,-3.4096616511668056,-3.606859741515359
420944,38.0,-5.974093500622742,-0.6834389693803626,-4.6072155618620165,-1.772353620267618,-3.1390115419002136,-2.8758123071351207
420947,42.0,-5.605475255079007,-0.5295293535669677,-4.546416547945071,-1.9757477041774807,,-3.178301870522913
420949,46.0,-4.251963940948055,-0.09816581360901448,-4.055632313730026,-3.3465599160973465,-1.7623168655730925,-3.0599966308323063
420950,55.0,-4.316012166444679,-0.10172798649124074,-4.112556193462198,-2.7620638750313136,-1.7623168655730925,-2.9017198302996987
420951,545.375,-4.090350141852823,-0.07566424449632088,-3.939021652860181,,,
420952,151.0,-4.117071900942324,-0.0831329868110459,-3.9508059273202316,,,
420953,982.0,-4.437646128690013,-0.15020748480149498,-4.137231159087023,-2.629115798136584,,-2.4955361551662563
420955,50.5,-5.533149317019002,-0.5714709071873115,-4.390207502644379,-3.5365962520631538,,-4.05206002572639
420957,44.5,-5.603155932576165,-0.5998797431827247,-4.403396446210715,,,-3.647138251905309
420959,39.5,-5.817411022799356,-0.6606042578298675,-4.496202507139621,,,-3.566482952956343
425653,35.0,-8.710754559710693,-2.140737757733238,-4.429279044244217,-3.4182600670763383,,-2.802550760864325
425655,342.2,-8.98930314112059,-1.964942802836071,-5.059417535448448,-1.757197510110011,,-2.9338417192720208
425656,229.2,-8.82293429276828,-1.6660604596250945,-5.490813373518092,-3.2561053732019505,,-2.86566687153287
425679,376.3333333333333,-6.022017233042316,-0.2393699259047629,-5.54327738123279,,,
425695,669.4,-8.98930314112059,-1.964942802836071,-5.059417535448448,,-1.9619230181515694,-1.9789600412233557
425736,33.333333333333336,-8.82293429276828,-1.6660604596250945,-5.490813373518092,-3.3907970861819097,-3.2355876850209304,-3.6146059269160618
425737,36.333333333333336,-7.4183294437235805,-0.7067685144053242,-6.004792414912933,,-2.9260715726441644,-3.9747196872138075
425755,135.66666666666666,-6.022017233042316,-0.2393699259047629,-5.54327738123279,,-4.2225743373143905,-2.511387340044146
425757,1904.0,-5.526470041975213,-0.22903235821526552,-5.068405325544682,-2.443821190694092,-4.716501474054283,-3.543955858202799
426115,34.5,-4.674958803174048,-0.15628230997396927,-4.36239418322611,-2.816097144095327,,-2.405310485578419
426130,32.0,-4.1424855487566585,-0.07026464960572514,-4.001956249545208,-3.613393831845297,,-3.53048912524338
426168,45.5,-5.571781679443764,-0.33124394790615425,-4.909293783631456,,-3.5949594119138144,-3.924928410389266
426172,32.5,-5.047314679670853,-0.1482966684177804,-4.750721342835292,,-2.582769405570667,-3.6199324728001634
426183,36.0,-4.602540136988259,-0.13700778221449578,-4.328524572559267,,,
426246,478.0,-5.571781679443764,-0.33124394790615425,-4.909293783631456,,,-2.261207210006285
426261,58.0,-4.602540136988259,-0.13700778221449578,-4.328524572559267,,,
426262,46.5,-4.602540136988259,-0.13700778221449578,-4.328524572559267,,,
426325,63.75,-5.047314679670853,-0.1482966684177804,-4.750721342835292,,-2.582769405570667,-3.137686821862866
436034,1481.0,-4.069790373191614,-0.05389464770396681,-3.9620010777836803,-2.230333022805876,,-2.2687035263825743
436140,40.0,-4.9059684487372515,-0.1743980806781935,-4.557172287380864,-2.7620638750313136,,-3.8915646256308576
436141,232.0,-4.6887633260591794,-0.14153091948451535,-4.405701487090148,-2.449458524953813,,-3.2837986749766404
438452,96.33333333333333,-12.89548944964588,-0.8192111395510283,-11.257067170543822,,-2.2741815062128015,-1.347477766689777
438460,95.33333333333333,-12.226557532829409,-0.42524149928526367,-11.376074534258882,,,
440762,32.0,-12.696642797661944,-0.4678771815912009,-11.760888434479542,,,
443919,68.0,-6.722830203005379,-0.27596962658102947,-6.1708909498433195,-1.757197510110011,,-2.5158882876072735
445498,66.0,-4.949474453489838,-0.13140948740328665,-4.686655478683265,-2.7047281224988464,-1.9619230181515694,-2.78376797195058
445503,1314.0,-5.218997945812811,-0.25586961233582867,-4.707258721141153,-3.4459291010065765,,-3.355662960665338
445504,71.0,-5.1525283752885604,-0.22620804932223776,-4.700112276644085,-3.4459291010065765,-2.6606900999758203,-3.4398463355670197
445505,116.0,-5.03467191434463,-0.19678305644122576,-4.641105801462178,-3.4459291010065765,-3.7637541956616607,-3.789510093552971
445509,80.0,-4.560929192988143,-0.23285426373379356,-4.095220665520555,,-2.936657245528524,-2.617526455186042
445513,37.0,-4.152948509358609,-0.1244001268006677,-3.9041482557572733,,,-3.257898637743168
445522,51.0,-4.900849027346384,-0.1282723714072624,-4.644304284531859,-2.5200811349237866,,-1.9789600412233557
445530,104.0,-5.03467191434463,-0.19678305644122576,-4.641105801462178,-3.4459291010065765,-2.449458524953813,-3.2808428357164185
445531,60.0,-5.03467191434463,-0.19678305644122576,-4.641105801462178,-3.3619226398268385,-2.449458524953813,-3.2010273462858088
445532,395.0,-4.696399323512461,-0.1834183768642955,-4.32956256978387,-3.3619226398268385,-3.2039891138621908,-3.3946402374600386
445569,162.75,-4.483441044493579,-0.19351269905454088,-4.0964156463844965,,-3.4096616511668056,-2.7207701148735626
446431,74.0,-10.459435549394781,-1.8594963951651042,-6.740442759064573,-3.4096616511668056,-4.098407764624116,-2.5336685428791723
446432,29.333333333333332,-8.549954522205375,-1.4500884287730667,-5.649777664659242,-2.3576957759766066,,-1.347477766689777
446433,72.0,-11.90365212108853,-0.14012388152120403,-11.623404358046123,,,
446434,71.0,-11.256313601214611,-0.10958767814570253,-11.037138244923206,,,
448718,378.0,-4.4832646095453645,-0.09093363418652184,-4.301397341172321,,-1.9757477041774807,-2.39738126360406
448730,852.0,-4.222608158749212,-0.035568415013325125,-4.151471328722562,-2.7679721484114848,,-2.810509940190963
448754,71.0,-4.2601023483233735,-0.036789560170968134,-4.1865232279814375,-2.6910598480481314,-3.122097247313938,-3.1834146952502813
448766,47.0,-4.167120800520218,-0.17575963139705564,-3.8156015377261063,,,-3.3667644003237696
448817,211.0,-3.8747441314572653,-0.06280471607721667,-3.749134699302832,-2.561325680984191,-2.2393697453248116,-2.8289828306214924
448818,33.0,-3.95654036241475,-0.0955034893611393,-3.7655333836924716,-2.593135862132229,-2.2150127414781,-3.5036494530808158
448819,196.0,-4.240931807031345,-0.09670962487255802,-4.047512557286229,-2.995108214816082,-1.772353620267618,-3.2473531238158975
448848,1677.0,-3.9712294738359173,-0.049504566518700104,-3.872220340798517,-2.4717285393542383,-2.2480933007914135,-2.806453812376964
448860,951.0,-3.6539077404919875,-0.05164815304769875,-3.55061143439659,-2.230333022805876,,-3.028827582570773
448890,402.0,-3.79286712947518,-0.010884236334014342,-3.7710986568071516,,-1.9757477041774807,-2.5574143362812745
449093,961.6666666666666,-12.696861543428083,-0.7119566473843918,-11.272948248659299,,,
449707,41.0,-4.314183327672549,-0.10094858355725012,-4.11228616055805,-2.2584045489120346,,-1.9789600412233557
449708,66.0,-4.314183327672549,-0.10094858355725012,-4.11228616055805,,,
449709,62.0,-4.900849027346384,-0.1282723714072624,-4.644304284531859,,,
449710,43.0,-4.314183327672549,-0.10094858355725012,-4.11228616055805,,,
449711,52.0,-4.314183327672549,-0.10094858355725012,-4.11228616055805,,,
449884,38.0,-3.3814454458332097,-0.0043640575061795915,-3.3727173308208505,,-1.772353620267618,-1.30015966232487
449954,1465.0,-3.676242036148541,-0.029214122429429563,-3.6178137912896817,,,
449956,55.0,-3.822497428533743,-0.05566257932514066,-3.7111722698834617,,-1.995430405024465,-2.4126063646220333
450518,103.0,-6.022017233042316,-0.2393699259047629,-5.54327738123279,,-4.2225743373143905,-2.511387340044146
450519,64.0,-6.022017233042316,-0.2393699259047629,-5.54327738123279,,-4.2225743373143905,-2.511387340044146
450520,350.0,-6.022017233042316,-0.2393699259047629,-5.54327738123279,,-4.2225743373143905,-2.511387340044146
450521,104.0,-6.022017233042316,-0.2393699259047629,-5.54327738123279,,-4.2225743373143905,-2.511387340044146
450522,109.0,-6.022017233042316,-0.2393699259047629,-5.54327738123279,,-4.2225743373143905,-2.511387340044146
450523,80.0,-6.022017233042316,-0.2393699259047629,-5.54327738123279,,-4.2225743373143905,-2.511387340044146
457847,30000.0,-14.12858058887444,-0.4617688063297222,-13.205042976214996,,,
459014,27.0,-4.323574164542559,-0.16724743404115003,-3.989079296460259,,,
459024,52.0,-4.062084343384741,-0.10453098015706497,-3.853022383070611,,-3.269556259127227,-1.9970291037742838
459032,50.0,-3.7667191220887264,-0.05142492435513187,-3.6638692733784626,,-2.2584045489120346,-2.1927652379846925
459040,37.0,-4.1714906608463425,-0.023767684435400484,-4.123955291975541,-1.753651748421824,,-2.681750449542865
459046,41.0,-4.2601023483233735,-0.036789560170968134,-4.1865232279814375,,-2.128660295874178,-1.414076785165688
459076,33.0,-4.175559261621732,-0.08950792109875612,-3.9965434194242198,,,-2.6766363245514424
459157,25.0,-4.3504993976717765,-0.04977826130157273,-4.250942875068631,,-3.6282643225311197,-3.3697986649691876
463588,55.0,-3.92221580581724,-0.015073818391950728,-3.8920681690333385,-3.623803622022508,,-2.978631946166465
463589,64.0,-3.9794069818980926,-0.08475096629842063,-3.809905049301251,,,
463628,48.0,-4.268325443170384,-0.058788693104699107,-4.150748056960985,-3.538125439257187,,-3.059931515747757
463690,71.0,-4.018800034051026,-0.1960541320060703,-3.626691770038885,,,-3.178301870522913
463691,145.0,-3.9051083994066507,-0.18365222244272736,-3.537803954521196,-1.9757477041774807,-2.629115798136584,-3.18429234616994
463835,159.0,-4.782254810162857,-0.1879538170396885,-4.40634717608348,-3.2752485078342954,-2.816097144095327,-3.708840993556458
463837,59.0,-4.5985653595392835,-0.07293247132195853,-4.452700416895366,-2.801844546939017,,-3.2910743718924382
464222,559.0,-3.7929719775641426,-0.06040131811971776,-3.672169341324707,-2.449458524953813,-2.628233934149791,-3.148375774080934
464225,83.0,-3.763319544218834,-0.04153314056098355,-3.680253263096867,-3.1390115419002136,,-2.459613233330942
464228,58.0,-4.234019157584222,-0.10589942520436164,-4.022220307175499,-3.4504256535477773,,-3.4570851368798525
464286,139.0,-4.810314690333484,-0.2255930752850312,-4.359128539763422,-2.695034049564393,-2.9332474010695093,-4.2861695436700495
464308,2533.0,-4.1655211254774365,-0.09399012376372567,-3.977540877949985,-2.449458524953813,,-3.4155601976799557
464449,748.0,-4.341753826020884,-0.058694869050153725,-4.224364087920577,-3.484969395820064,-2.2393697453248116,-3.4392429582857256
464587,183.0,-4.53198110165822,-0.11177095966096308,-4.3084391823362935,-3.269556259127227,-3.3619226398268385,-3.743404254512366
464588,256.0,-4.334515177049486,-0.10149982735559519,-4.1315155223382956,-2.6910598480481314,-2.6910598480481314,-3.1182608559064753
464589,142.0,-3.83311025977221,-0.0617131670397647,-3.709683925692681,,,
464718,789.0,-4.46495173328357,-0.10013423312428714,-4.264683267034996,-3.480275705367359,-3.3619226398268385,-3.8659230239811624
464917,4880.5666666666675,-6.722830203005379,-0.27596962658102947,-6.1708909498433195,,,
464924,27.0,-5.472602776851383,-0.19296537507503592,-5.0866720267013115,,,
464932,60.833333333333336,-8.015983726301274,-0.7199703892631237,-6.576042947775026,,,
465131,21.0,-7.381746826688431,-1.1406892718120851,-5.100368283064261,,,
465172,26.0,-6.027973229701718,-1.1618844772819423,-3.7042042751378337,,,
465174,25.0,-6.165835829822538,-0.795454414257475,-4.5749270013075884,,,
465175,1564.0,-8.98668029734996,-0.2501148449262087,-8.486450607497542,,,
465178,26.0,-6.0188625525452615,-0.5762828379179488,-4.866296876709364,,,
465181,7087.0,-5.719630804332863,-0.4741997856053822,-4.771231233122099,,,
474061,146.0,-5.712760775309586,-0.9397996947548354,-3.833161385799915,,-2.695034049564393,-4.293472906802974
476366,37.09090909090909,-6.661415644452232,-0.9896635178907645,-4.682088608670703,-2.7838316453167096,,-4.007880868385247
479533,61.0,,0.0,,,,
479551,81.0,,0.0,,,,
482050,3738.5555555555557,-13.915764013312224,-0.5187690984845523,-12.878225816343118,,,
483706,1424.0,-6.722830203005379,-0.27596962658102947,-6.1708909498433195,-1.757197510110011,,
483817,40.0,-6.322649685057156,-0.11866736320028189,-6.085314958656593,-2.230333022805876,-3.598374633674596,-3.3376733753387593
483910,244.0,-5.244813622202183,-0.18308736119772592,-4.878638899806731,-3.269556259127227,-3.4984906666673825,-3.8902288663504
483984,193.0,-4.1672168054039815,-0.07939456391202339,-4.008427677579935,,-1.7536517484218241,-2.6464752170813037
484085,46.0,-5.117108873247838,-0.5479309029399374,-4.021247067367963,,-3.5031585759151094,-3.27259005752135
484099,69.0,-4.471995435688852,-0.0965756692064876,-4.278844097275877,-3.2752485078342954,-2.3390703435036615,-3.2283270748789326
484127,100.0,-5.011000338608152,-0.12865904335149989,-4.753682251905152,-2.8495688594329054,-3.277268294642798,-3.481721636090965
484129,43.0,-4.992290851274102,-0.14659332161495506,-4.699104208044193,-3.382119812425832,-3.2039891138621908,-3.3681235252001347
484130,151.0,-4.847921186529081,-0.1293410278758448,-4.589239130777392,-2.7679721484114848,-2.8495688594329054,-3.235611701386328
484137,31.0,-5.601585444878578,-0.3044594352837181,-4.992666574311142,-3.417553849669769,-2.801844546939017,-3.347499730706752
484157,136.0,-6.189333119686282,-0.13828363471294203,-5.9127658502603975,-2.920695941219469,-2.561325680984191,-3.389450593111135
484215,42.0,-6.115352980066403,-0.11579789478155005,-5.883757190503303,-4.302143346846879,-3.055188406739574,-3.7013316930455034
484231,31.0,-5.861472528558346,-0.3917717395789639,-5.077929049400419,-2.449753033877369,-4.077269316128931,-3.412129207708709
484271,2847.0,-4.752120130652592,-0.1072270022599523,-4.537666126132688,,-3.05057615798944,-2.697330557077951
486178,65.0,-4.741201186030813,-0.06607083150072342,-4.609059523029367,,,
487657,172.0,-5.715529427082766,-0.3189277310243592,-5.077673965034047,-3.3694301085170664,-3.480275705367359,-3.7629160312569763
487658,90.0,-5.891758330867037,-0.4180365425547913,-5.055685245757455,-3.009433412429734,-3.6473103740150976,-3.669271210984169
487659,91.0,-5.783923575430022,-0.35806883075279394,-5.067785913924434,-3.009433412429734,-3.7839116628976055,-3.791858294850696
487660,124.0,-5.583886676210242,-0.306870403797131,-4.9701458686159805,-3.009433412429734,-3.81992711338458,-3.912026657874301
487661,259.0,-5.8113655018498935,-0.6299709220543329,-4.5514236577412275,-3.1054615444696374,-2.7620638750313136,-3.8759125346216603
487662,221.0,-5.909040525561363,-0.9595949731404173,-3.989850579280529,-2.5200811349237866,,-4.297115260496797
489009,695.0,-3.887049691422573,-0.05526554170030223,-3.7765186080219686,,,
489010,166.0,-5.139598054297032,-0.15209134457223983,-4.835415365152553,-4.158928450059144,-2.6910598480481314,-3.6817536368081933
489013,79.0,-4.674416157038381,-0.1429533265049636,-4.3885095040284545,,-3.538125439257187,-2.757690865153179
490279,96.0,,0.0,,,,
494159,615.0,-4.501233150510299,-0.2412345833508564,-4.0187639838085865,,-1.7623168655730925,-2.6410826487081556
494161,961.0,-4.617725774607863,-0.3029005346669921,-4.011924705273879,,,
494162,1373.0,-4.648048460091127,-0.3164839095585085,-4.01508064097411,,,
494283,237.0,-9.126238217368197,-1.0625059463692703,-7.001226324629656,,,-3.969114015257783
494284,192.0,-9.100569153468363,-0.9983769452758151,-7.103815262916733,,,-3.7065297392107888
494285,582.0,-4.814963835305993,-0.34941365777726535,-4.116136519751462,,,
494286,191.0,-9.468835444853507,-1.0179183595234,-7.432998725806707,-2.674827125743654,-2.1174843493829174,-3.2030725906140716
494301,119.0,-7.34673636066899,-1.151222560613854,-5.044291239441282,-4.2489207427916105,,-4.701714401133181
494302,74.0,-7.654295791536421,-1.2720890353153498,-5.110117720905722,-4.932390609337312,,-4.580719811434462
494311,817.0,-3.7105501601431063,-0.03540543889348968,-3.639739282356127,,,
494337,722.0,-4.888793464486723,-0.27202634511050167,-4.344740774265719,,,
494372,50.5,-5.294979321292966,-0.06591331009190757,-5.163152701109151,-4.923449278252422,,
495576,36.0,-5.552464521603377,-0.15608278770575573,-5.240298946191865,-3.763119493409965,-1.997665319915086,-3.46731658092652
495609,102.0,-3.970826423246259,-0.05223394771635105,-3.866358527813557,,,
495753,68.0,-4.7718837274398345,-0.11789126159909372,-4.536101204241647,-3.366695189147141,-2.9332474010695093,-3.4033617560351637
495756,154.0,-5.601585444878578,-0.3044594352837181,-4.992666574311142,-3.417553849669769,-2.801844546939017,-3.347499730706752
496346,131.0,-5.107822512068667,-0.3205919849086446,-4.466638542251378,-2.695034049564393,,-3.5733246266072585
496360,55.0,-6.273145861194911,-0.05272837395545694,-6.1676891132839975,,-4.476527303184641,-3.3691688376345406
496386,53.0,-5.321027126450087,-0.1888793850150697,-4.9432683564199476,,-3.8379645259580983,-3.7875630992815426
496387,84.0,-5.184018334469472,-0.14010104378943083,-4.90381624689061,,-3.6949723053788883,-3.5518459963416538
496388,528.0,-5.227079100036663,-0.19469438933468988,-4.837690321367283,-2.695034049564393,-3.150703503613717,-3.4249161385766596
496391,107.0,-5.746047823477497,-0.3147396749240951,-5.1165684736293064,-4.476527303184641,-2.9896969674780536,-3.785630587299844
496392,64.0,-5.683468428541486,-0.2982469005129285,-5.086974627515629,-4.476527303184641,-3.480275705367359,-4.046541275607025
496393,130.0,-5.461423406877002,-0.22669486992516308,-5.008033667026676,,-3.05057615798944,-2.718051480906967
496404,74.0,-5.253351448768578,-0.18839366212191086,-4.876564124524757,-3.81992711338458,,-3.117643663630583
496405,79.0,-5.288105674926513,-0.1819509405436934,-4.924203793839126,-2.7620638750313136,,-3.160636211783298
496406,81.0,-5.321027126450087,-0.1888793850150697,-4.9432683564199476,,-1.995430405024465,-3.376597853997104
496407,71.0,-5.321027126450087,-0.1888793850150697,-4.9432683564199476,,-3.209389724220883,-3.5465490553686374
501849,45.0,-6.11408082026265,-0.4737908886208644,-5.166499043020922,-3.417553849669769,-4.131897101430084,-4.127475504517436
501850,294.0,-5.922935997054588,-0.41399644790396306,-5.0949431012466615,-3.6473103740150976,-4.077269316128931,-4.483936967200087
501855,62.0,-5.7153290206296665,-0.19897800318498032,-5.317373014259706,-3.344214162613975,-2.629115798136584,-3.4814352395385235
501861,100.0,-5.978884475623254,-0.47083447707687265,-5.037215521469509,-2.582769405570667,-3.00525201967571,-3.159987032208697
501871,108.0,-6.166424151756525,-0.2546578317466455,-5.657108488263233,-2.593135862132229,-3.4258933894607235,-3.5487942479893717
502098,60.0,-4.965947093720151,-0.26945253991433277,-4.427042013891485,,,-3.9033084516548513
502119,402.0,-4.078395578893279,-0.0824330950445641,-3.9135293888041502,,,-3.514795528240249
502154,293.0,-4.897430802636172,-0.26269272727603055,-4.372045348084111,-3.122097247313938,-1.7623168655730925,-2.837439662053801
502163,45.0,-5.4183139467551396,-0.15800421985103952,-5.10230550705306,-3.024600333720846,-3.2106977619762875,-3.7252010584296986
502164,81.0,-5.7186101757446925,-0.28181523891317123,-5.15497969791835,,,-4.2145915322358505
502194,32.0,-5.439731270767049,-0.51175482312858,-4.416221624509889,-3.2092726674527388,-2.629115798136584,-3.335414598812516
502322,42.0,-4.978080189840299,-0.12706246227988907,-4.723955265280521,-3.863676826400153,-2.3959693110347806,-3.343216086715032
505317,68.0,-3.911279813091007,-0.0512755789557099,-3.808728655179587,-3.1434108720337686,,-3.2608146562127454
505319,136.0,-4.046960866087953,-0.06448504236459997,-3.917990781358753,,-2.3320207741450423,-2.268703526382574
505329,48.0,-4.7952491929674945,-0.2083616146124351,-4.378525963742624,-1.9757477041774807,-3.269556259127227,-2.864064376696013
505330,281.0,-4.668017785201839,-0.16959185289237755,-4.328834079417084,-3.366695189147141,,-2.933205244877535
505332,67.0,-6.302678533441526,-0.1753909907137455,-5.951896552014035,,-3.4526526060168066,-4.1280523217665115
505339,113.0,-5.222021554308498,-0.35049167377641066,-4.5210382067556765,-3.218835243334051,-3.613393831845297,-3.7164025158733986
505346,56.0,-4.63524073098843,-0.09957619351624995,-4.43608834395593,-3.00525201967571,,-2.6378819684558055
505347,79.0,-4.6538666741897465,-0.11066157763275962,-4.432543518924227,-2.337716966498038,-3.269556259127227,-3.0963583325477786
505358,78.0,-4.145578454035213,-0.0977636466393705,-3.9500511607564723,,-3.041853081692726,-2.8678482844951745
505739,20.8,-12.150014682208928,-0.2292339332869343,-11.691546815635059,0.0,,0.0
507696,99.0,-4.678615614177843,-0.10882945219695991,-4.460956709783924,,-3.81992711338458,-3.6410162730382583
507710,50.0,-4.483442122133344,-0.1354146136526542,-4.212612894828035,,-2.695034049564393,-2.2429317039365957
507716,3112.0,-3.818803135661267,-0.03571674375125978,-3.7473696481587475,,-2.920695941219469,-3.281197819884557
508031,7587.0,-6.803089660712307,-0.4758837173191029,-5.851322226074101,,,
508034,22396.0,-6.803089660712307,-0.4758837173191029,-5.851322226074101,,,
508037,20.0,-6.803089660712307,-0.4758837173191029,-5.851322226074101,-1.5362731354634498,,
509926,77.0,-4.788565782879871,-0.1934546771243209,-4.401656428631229,-3.0242741079748563,-2.5968604333672203,-3.1523747854915873
509927,71.0,-4.676517021876569,-0.17053562313714077,-4.335445775602287,-3.382119812425832,,-2.9582764328967017
509929,111.0,-4.75335333791467,-0.17899910669988264,-4.3953551245149045,,,
509931,635.0,-4.873183481953566,-0.3492039349857603,-4.174775611982046,-2.995108214816082,-3.4096616511668056,-3.6932331445818183
509932,92.0,-5.218312942916902,-0.21026946665605395,-4.797774009604794,-4.119169620198503,-2.9332474010695093,-4.135548041391729
509934,38.0,-5.218312942916902,-0.21026946665605395,-4.797774009604794,-4.119169620198503,-2.9332474010695093,-4.135548041391729
509957,159.0,-4.284625148039088,-0.08395299355305927,-4.116719160932969,,-2.492915019007981,-1.7939378433800297
509958,106.0,-3.9564746879937225,-0.047022062636417374,-3.862430562720888,,,
509959,119.0,-3.977463987364478,-0.07606580182223145,-3.825332383720015,,,
509960,40.0,-4.11800833490647,-0.08681427822146563,-3.944379778463539,-1.5362731354634498,,-1.961273588336079
509974,38.0,-4.466734951566561,-0.09237314937627268,-4.281988652814016,-1.995430405024465,,-1.906552592434432
509975,33.0,-4.519289355912927,-0.265142696608985,-3.9890039626949574,-2.3576957759766066,,-1.347477766689777
510038,69.0,-3.910040242765636,-0.025922243096371086,-3.858195756572894,,,
510039,32.0,-3.862227353207395,-0.023027288446477372,-3.8161727763144406,,,
510040,83.0,-3.910507546951234,-0.044224761261066496,-3.822058024429101,,,
510041,32.0,-3.9251615761065493,-0.06497818977880092,-3.7952051965489475,,,
510050,26.0,-5.504486282777418,-0.06563289598999834,-5.373220490797421,,,
510100,90.0,-4.5842881378779134,-0.14202099000839602,-4.300246157861121,,-3.269556259127227,-2.2556250787935044
510106,61.0,-4.5680855098344635,-0.14663555180151633,-4.274814406231431,,,
510116,70.0,-4.7326022260106635,-0.3282116811663827,-4.076178863677898,-2.5051103210028733,-2.3576957759766066,-3.017892773779096
510140,1247.0,-6.819835119779604,-0.29954488187253686,-6.220745356034531,-1.753651748421824,-3.515973773438006,-2.981101860166059
510548,2819.0,-4.544300645927078,-0.29961037830036913,-3.9450798893263395,,-2.2584045489120346,-2.8979733473002507
512497,101.25,-5.198786054106045,-0.047956594054697314,-5.102872865996651,-3.3619226398268385,-3.480275705367359,-3.8659230239811624
522246,32.3,-5.557204984989514,-0.24713295187021717,-5.06293908124908,0.0,,0.0
522247,25.875,-4.802234418498493,-0.09770460553325112,-4.60682520743199,0.0,,0.0
523271,366.0,-4.09495544839229,-0.07370346265711647,-3.947548523078057,-2.438536868675034,-2.3320207741450423,-2.72846307434341
523324,222.0,-5.307372564042743,-0.17366631116104989,-4.960039941720644,-3.3619226398268385,-3.5149991058034336,-3.793016397424515
523604,2106.0,-4.492494074677908,-0.12288117268767497,-4.246731729302558,-2.610263047346788,,-2.563826657347655
523715,636.0,-5.913291199065043,-0.21473704307481212,-5.4838171129154185,-3.3694301085170664,,-3.9465066950189054
523723,57.0,-5.92834613067299,-0.6168607179865522,-4.694624694699886,-3.6915624677967074,-3.763119493409965,-4.1770289358811095
523726,165.0,-5.434955299406284,-0.19801339229837245,-5.038928514809539,-3.05057615798944,-2.2150127414781,-3.1666171257125555
523736,140.0,-4.8311401347060885,-0.1904833413629946,-4.450173451980099,-2.449458524953813,-3.363431728602524,-3.3915942954927893
523747,96.0,-6.840528835901162,-0.26122057170236745,-6.318087692496427,,-3.976699939620404,-3.724531722244022
523789,45.0,-5.365277454978882,-0.10218275610070401,-5.160911942777474,-4.476527303184641,-1.9811221590685817,-3.2475025088699194
525443,93.0,-4.369231097148426,-0.06720882781840642,-4.234813441511614,-2.775804195635348,-1.1674573865742532,-2.3945656455829862
525474,49.0,-4.639640747493656,-0.08652614266822065,-4.466588462157215,,-2.628233934149791,-2.6910301481897068
525552,1374.0,-3.807842259178689,-0.06808940764252232,-3.6716634438936446,,,-3.3727356345294752
525612,78.0,-4.298147317349761,-0.40997171851391,-3.478203880321941,,,-2.1251876473416873
525705,76.0,-5.31249940932875,-0.18386714489581799,-4.944765119537115,,-3.515973773438006,-3.1769987307736116
525708,59.0,-4.668786982169711,-0.07998001078209341,-4.508826960605524,,-2.694500750740467,-2.718051480906967
525711,1670.0,-4.464279270968464,-0.05412614033608131,-4.356026990296302,,,
529933,11.0,-6.803089660712307,-0.4758837173191029,-5.851322226074101,-1.5362731354634498,,-1.5290522990538655
532254,66.0,-5.219968074058716,-0.2637492551129157,-4.692469563832885,-3.5031585759151094,-3.417553849669769,-3.9189304202711237
532395,64.0,-5.707970732748267,-1.1305810592919188,-3.4468086141644294,-2.574986869741726,,-4.626839687373749
532401,47.0,-4.96235207951211,-0.21566431921656226,-4.531023441078985,-2.674532052841036,-3.3327199249230284,-3.737988818696369
532411,225.0,-5.296917076857981,-0.10917297087889603,-5.078571135100189,,-2.695034049564393,-2.3019535060083665
532420,60.0,-7.5046806909821475,-0.20596647090329329,-7.092747749175561,,-3.2039891138621908,-2.729147819505534
532468,319.0,-4.58857603835658,-0.13507280199224056,-4.3184304343720985,,-3.2092726674527388,-2.9061861110378815
532614,513.0,-5.281307049695577,-0.15199189298686336,-4.977323263721851,-3.269556259127227,-2.695034049564393,-3.5973419076788034
532692,208.33333333333334,-5.722182564306754,-0.34477001995455264,-5.032642524397649,-3.763119493409965,-3.5096412491482356,-4.411421358495654
532770,52.0,-4.486064802787678,-0.09681647721481179,-4.292431848358055,-2.674532052841036,-3.122097247313938,-3.4049846387801024
532775,252.33333333333334,-4.989631467516649,-0.08037723446062751,-4.828876998595393,,-3.976699939620404,-3.3147152408545106
532800,96.66666666666667,,0.0,,,,
532809,65.0,-5.296787130063541,-0.11086342836719965,-5.075060273329142,-2.7679721484114848,-4.2728290091791195,-3.5418477277079714
532810,280.1111111111111,-3.9341288169166257,-0.05576729517521091,-3.822594226566204,-2.2150127414781,,-3.4749645446117627
532811,197.0,-7.303178523215792,-0.22059783475048808,-6.861982853714816,-2.237627285449974,-3.7839116628976055,-3.342996977333661
532917,207.0,-5.785823413088321,-0.17910724051322144,-5.427608932061878,-2.4717285393542383,-4.2728290091791195,-3.411638942502678
532952,210.44444444444446,-4.756303509991529,-0.1569234097670072,-4.442456690457514,,-3.81992711338458,-3.413049372298448
533121,176.0,-5.656127178803216,-0.3234289963125043,-5.009269186178208,,-2.9332474010695093,-3.8802727468348768
533161,1094.0,-4.155478860881937,-0.11260913132265843,-3.93026059823662,-2.449458524953813,,-2.0587534462824855
533178,78.0,-5.683056446932885,-0.1244879218105556,-5.434080603311774,,-3.724051331984855,-4.1951417085127485
533234,164.0,-5.298771774207142,-0.09283753795914929,-5.113096698288844,-2.7047281224988464,,-3.284698348614866
533932,62.0,-5.577864216534447,-0.3212546477082874,-4.935354921117872,-3.009433412429734,-2.629115798136584,-3.6214958520613965
534796,60.0,,0.0,,0.0,0.0,0.0
539302,204.0,-5.376394456286887,-0.27418703653751464,-4.828020383211857,,-3.3884726954272457,-2.3478995061059758
539321,726.0,-3.793013389106556,-0.06737401293631119,-3.6582653632339337,,,
539360,3287.0,-3.7514423320600123,-0.023564050564079238,-3.7043142309318537,,,
539361,310.0,-3.7410070341129584,-0.020215797854240374,-3.700575438404478,,,
539376,52.333333333333336,-4.709375988370205,-0.2903034956618085,-4.1287689970465875,-1.5362731354634498,-2.605442719564122,-2.7133143760487823
539379,134.0,-5.215985394050843,-0.09136826030175046,-5.033248873447342,,-2.5212112438189167,-2.1208676410192373
539380,180.0,-4.85526962406985,-0.08635623284927144,-4.682557158371307,,-3.52711385124094,-3.0208552104949153
539383,80.0,-4.2703287804294146,-0.043643600959892954,-4.183041578509629,-1.753651748421824,,-2.2600631879488158
539399,119.0,-6.793868839875102,-0.129710526833784,-6.534447786207534,,-3.4475636209010188,-3.2424035718007147
539401,1435.0,-4.484101167303987,-0.11805161926588509,-4.247997928772216,,-2.9491514858147303,-2.726355291762906
539403,1543.0,-4.044318465789998,-0.06874875694130844,-3.906820951907381,,,
539404,75.0,-4.522562400116159,-0.10949221348768026,-4.303577973140798,-1.5362731354634498,-3.055188406739574,-2.524847770972377
539416,100.0,-4.76139975026605,-0.0766328020124653,-4.608134146241119,-2.5051103210028733,,-2.2590828794600872
539432,55.0,-5.3651632557791205,-0.16035537773619274,-5.044452500306735,-1.753651748421824,-2.443821190694092,-2.6490183068692534
539433,86.0,-5.4286637532023025,-0.26495976784480596,-4.89874421751269,-1.244841480045953,-3.269556259127227,-2.5197357474018243
541262,115.0,-4.85526962406985,-0.08635623284927144,-4.682557158371307,,0.0,0.0
541724,543.0,-4.205796580910925,-0.06848372309821048,-4.0688291347145045,,0.0,0.0
541748,269.0,-4.0263081771350775,-0.05732903211583077,-3.911650112903416,,0.0,0.0
541749,626.0,-4.347921489807842,-0.31181342963511294,-3.724294630537616,,0.0,0.0
541750,1531.0,-3.9767963752815136,-0.01679608464906935,-3.943204205983375,,0.0,0.0
541767,42.0,-3.56585527050148,-0.03230897858426816,-3.5012373133329437,,0.0,0.0
541822,493.0,-4.195651913990422,-0.04163198929203528,-4.1123879354063515,,0.0,0.0
541826,889.0,-3.750798776146505,-0.028369644550876826,-3.6940594870447514,,0.0,0.0
541838,266.0,,0.0,,,0.0,0.0
541870,445.0,-4.080107756528081,-0.06379170513670553,-3.9525243462546698,,0.0,0.0
541875,103.0,-4.441627536156081,-0.045027020148277204,-4.351573495859526,,0.0,0.0
541881,63.0,-5.438946824910651,-0.08284715184774741,-5.273252521215157,,0.0,0.0
541907,940.0,-4.488406017996774,-0.15465395404822163,-4.179098109900331,,0.0,0.0
541936,3260.0,-4.625974534557113,-0.06943075916678779,-4.487113016223537,,0.0,0.0
541991,1690.0,-2.882148524830913,-0.015954107374298535,-2.8502403100823157,,0.0,0.0
542051,97.0,-5.376394456286887,-0.27418703653751464,-4.828020383211857,,0.0,0.0
542052,454.0,-5.05611771864391,-0.2380633161047996,-4.579991086434311,,0.0,0.0
542069,293.0,-3.6881300640116423,-0.05991157242878398,-3.5683069191540744,,0.0,0.0
542085,91.0,-5.280195680835821,-0.09069777778295102,-5.098800125269919,,0.0,0.0
542086,137.0,-5.245521296925655,-0.06541157786745334,-5.114698141190748,,0.0,0.0
542094,86.0,-5.52468973674338,-0.169570720460076,-5.185548295823228,,0.0,0.0
542101,46.0,-5.887420180501626,-0.19012494028443658,-5.507170299932753,,0.0,0.0
542105,1255.0,-3.891971480938273,-0.034251203016637234,-3.8234690749049984,,0.0,0.0
542106,3082.0,-3.7017259800632525,-0.015993178683188402,-3.6697396226968757,,0.0,0.0
542107,4049.0,-3.7068437594460124,-0.017966636343821746,-3.670910486758369,,0.0,0.0
542108,1835.0,-3.700242891892847,-0.0151710613755209,-3.669900769141805,,0.0,0.0
542109,3695.0,-3.700242891892847,-0.0151710613755209,-3.669900769141805,,0.0,0.0
542112,119.0,-6.485821326194175,-0.594475156015143,-5.296871014163889,,0.0,0.0
542118,66.0,-5.356852430390442,-0.207139419044009,-4.942573592302424,-1.4836597943661012,0.0,0.0
542122,1112.0,-4.709375988370205,-0.2903034956618085,-4.1287689970465875,,0.0,0.0
542125,79.0,-5.184220311063827,-0.08038258096226936,-5.023455149139288,,0.0,0.0
542126,381.0,-4.419141204964378,-0.08635623284927144,-4.246428739265835,,0.0,0.0
542127,54.0,-4.2703287804294146,-0.043643600959892954,-4.183041578509629,,0.0,0.0
542128,55.0,-4.466715465868748,-0.13213351982655328,-4.202448426215641,,0.0,0.0
542145,834.0,-6.776936393040123,-0.09538239362334117,-6.5861716057934405,,0.0,0.0
542146,163.0,-6.765210984235482,-0.049502683502625225,-6.666205617230232,,0.0,0.0
542149,974.0,-4.0074180181678205,-0.06537016400391807,-3.876677690159984,,0.0,0.0
542150,2840.0,-3.9846655259442194,-0.05223150865246316,-3.880202508639293,,0.0,0.0
542153,53.0,-4.300845479176818,-0.0765652549948875,-4.147714969187043,-1.3256947668578334,0.0,0.0
542157,137.0,-4.817832732216288,-0.2534536722987244,-4.310925387618839,,0.0,0.0
542185,57.0,-5.492840897393044,-0.20437287461394968,-5.084095148165145,,0.0,0.0
542186,62.0,-5.187967905046937,-0.1384748222623108,-4.911018260522316,,0.0,0.0
545438,1710.0,-3.976499147773049,-0.03426299191139779,-3.9079731639502535,,0.0,0.0
545439,70.0,-5.229137080132723,-0.21301652437427346,-4.803104031384176,,0.0,0.0
545447,141.0,-4.855578691443345,-0.12606326303487825,-4.6034521653735885,,0.0,0.0
545984,37277.0,-5.693542084027751,-0.22078514052075,-5.251971802986251,,,
545996,433.0,-6.519440360540092,-0.763944405345768,-4.991551549848556,,,
546004,35.0,-5.692823420384369,-0.297891496381184,-5.097040427622001,,,
546006,55.8,-7.495806949042128,-0.6966857997482723,-6.102435349545583,,,
546009,14907.0,-5.935630221192448,-0.5047852916586321,-4.926059637875184,,,
546023,820.0,-4.908681463289433,-0.16686631129948823,-4.574948840690457,,,
546024,25.0,-5.173052412709876,-0.23498696515805295,-4.703078482393771,,,
546034,32.0,-7.125075828142478,-0.9166892127698371,-5.291697402602804,,,
546045,1031.0,-7.357581150925265,-0.773753737958757,-5.810073675007751,,,
546049,29.0,-7.3826508771999855,-0.43275681667356425,-6.517137243852857,,,
546075,21.0,-5.665437585957735,-0.23467742656740423,-5.196082732822926,,,
546095,1063.0,-8.318525561542874,-0.5861722401231275,-7.146181081296619,,,
546108,33.0,-6.862041514735757,-0.35747335545432735,-6.147094803827102,,,
546109,182.0,-6.690726139355234,-0.5226632904601383,-5.645399558434957,,,
546110,2578.5,-7.21727809073642,-0.48186618648121077,-6.253545717773998,,,
546112,34.0,-6.4668529964909505,-0.15121378498925567,-6.164425426512439,,,
546118,1962.0,-5.527844530570095,-0.4619860303793998,-4.603872469811296,,,
549139,24.0,-9.727470639338094,-0.44032284136728844,-8.846824956603516,,,
549144,27.0,-8.117783197577698,-0.9158589684728663,-6.286065260631965,,,
549148,46.96666666666666,-7.759360000414502,-1.005938418886494,-5.747483162641514,,,
549372,116.0,,0.0,,,,
552073,19.0,-4.7952491929674945,-0.2083616146124351,-4.378525963742624,-3.7226514922808156,,-2.5168955519163894
552176,27.0,-4.5842881378779134,-0.14202099000839602,-4.300246157861121,,-3.269556259127227,-2.2556250787935044
552903,57.0,,0.0,,0.0,0.0,0.0
552907,28.0,,0.0,,0.0,0.0,0.0
556057,6377.0,-4.370936130356938,-0.06626655201091047,-4.238403026335117,,,
556089,120.0,-5.334705422123664,-0.11878871664419567,-5.097127988835272,,,
558765,49.0,-5.515268748693495,-0.39861314030972295,-4.7180424680740485,,,
558807,2558.2727272727275,-5.652478168296505,-0.21050860494275367,-5.231460958410998,,,
559479,511.0,-6.282615352202573,-0.08702583325312307,-6.108563685696327,,,
559482,65.0,-5.624583445197023,-0.22696008475160045,-5.170663275693822,,,
559484,2728.0,-6.960250492882428,-0.23748264779702666,-6.485285197288374,,,
559497,43.0,-5.695828416623944,-0.1762387881183105,-5.343350840387323,,,
559509,2535.0,-5.097845206048585,-0.045688580543262795,-5.006468044962059,,,
559511,2226.0,-5.294390976531109,-0.2365677142899788,-4.821255547951152,,,
559512,304.0,-6.734936732852294,-0.37269525326319247,-5.989546226325909,,,
559519,912.0,-6.111739257913606,-0.324214718201676,-5.463309821510254,,,
559547,2213.0,-5.2025045144111735,-0.1489637910074534,-4.9045769323962665,,,
559548,3279.0,-6.0597835820502794,-0.3255350413279108,-5.408713499394458,,,
559551,374.0,-6.415942565284855,-0.16636768071980637,-6.083207203845242,,,
559554,1921.0,-5.323631428351483,-0.17457620336854796,-4.974479021614387,,,
559564,88.0,-5.2679811190730215,-0.25187907186761244,-4.7642229753377965,,,
559567,2832.0,-6.195467227457579,-0.10058753945965775,-5.994292148538263,,,
559581,1301.0,-5.04809118570691,-0.06698003977955908,-4.914131106147791,,,
559585,1038.0,-4.554459666346583,-0.11728786551563732,-4.319883935315308,,,
559588,2706.0,-5.385685057861318,-0.2611487373127503,-4.863387583235817,,,
559590,195.0,-5.177332429981229,-0.17086269258132364,-4.835607044818582,,,
559596,51.0,-5.7992127144892525,-0.27100000461830803,-5.257212705252637,,,
559598,1301.0,-4.548249127852231,-0.10485141404092826,-4.338546299770375,,,
559609,390.0,-5.022208930707649,-0.22457893694262773,-4.573051056822393,,,
563179,28.0,-6.26886435227796,-0.20635051329685233,-5.856163325684256,-3.047697058521591,-3.344214162613975,-3.6713095251175236
563223,23.0,-5.871518600317969,-0.589081117884821,-4.693356364548327,-2.816097144095327,-3.1434108720337686,-3.3004759784482163
568605,40.0,-4.420834570458802,-0.06159174231465025,-4.297651085829502,,0.0,0.0
568637,45.333333333333336,-3.754908154966723,-0.026237504958395618,-3.7024331450499317,,0.0,0.0
568638,39.0,-4.248462698749085,-0.07274904481862686,-4.102964609111831,,0.0,0.0
568640,78.0,-5.252795669518733,-0.1666843139819934,-4.919427041554746,,0.0,0.0
568642,127.0,-3.000781676689514,-0.025031532804369847,-2.9507186110807746,,0.0,0.0
568643,35.0,-4.783414980650359,-0.07057663366446908,-4.642261713321421,,0.0,0.0
568647,26.0,-4.132577913300933,-0.15465220053061912,-3.8232735122396946,,0.0,0.0
568650,71.0,-4.907699703048379,-0.3647759713320569,-4.178147760384265,,0.0,0.0
569473,75.75,-5.19098121075564,-0.010884236334014342,-5.169212738087611,,,
570808,313.5,-4.642585417332938,-0.13985924133976238,-4.362866934653414,,,
572912,1516.1333333333334,-5.774423286411599,-0.3982026338928252,-4.978018018625948,,,
575013,12.0,-6.151688654339619,-0.5359118144912107,-5.079865025357197,,,
576095,1343.9375,-6.559177330800762,-0.686747534048712,-5.185682262703338,,,
582073,47.7,-13.915764013312224,-0.5187690984845523,-12.878225816343118,,,
582074,58.3,-12.696672486226174,-0.6984718168845085,-11.299728852457157,,,
585233,884.0,,0.0,,,,
585259,2858.0,,0.0,,0.0,,
585262,860.0,,0.0,,,0.0,
585263,133.0,,0.0,,,,
585264,134.0,,0.0,,,,
585265,404.0,,0.0,,,,
585268,105.0,,0.0,,,,
585269,354.0,,0.0,,0.0,,
585626,167.0,-3.9437550321071666,-0.01075510847474032,-3.922244815157686,,-3.5939902059390896,-3.0288473891567462
585649,263.0,-4.055208920267664,-0.11420400224859027,-3.826800915770484,-2.237627285449974,-2.3576957759766066,-2.55526996956873
585653,147.0,-4.304538377906755,-0.1039145966096325,-4.09670918468749,-3.709020326625447,,-3.373252158711486
585654,778.0,-4.518888182816302,-0.07860722973325453,-4.361673723349793,-2.801844546939017,-2.887607661944378,-3.289391302421093
585655,1709.0,-4.420158926643425,-0.023015243960453742,-4.374128438722518,-2.3320207741450423,-2.582769405570667,-2.8113019701535116
585683,45.0,-8.32835651476142,-0.35280601115039234,-7.622744492460636,,-3.4984906666673825,-3.507273522014786
585698,53.0,-5.499173569167084,-0.5600314266146958,-4.379110715937692,,-3.3465599160973465,-4.251193762266289
585752,90.0,-4.911373108630647,-0.14664393734408676,-4.618085233942473,-3.712818030649505,,-2.5541157696897234
585757,246.0,-3.887859248683929,-0.07051658387266427,-3.7468260809386007,-3.1163096701411632,-1.1670360448519603,-2.616650470397258
585758,212.0,-4.439785426252781,-0.047029690145303595,-4.345726045962174,-2.9691189484841485,,-3.5129488972657557
585761,659.0,-4.953970918306681,-0.08818867468282436,-4.7775935689410325,-3.5068586083812483,,-3.4784464325112614
585762,597.0,-4.973152456093416,-0.09899863845546147,-4.7751551791824935,-2.674532052841036,-2.7364523714200675,-3.3033573454072687
585768,483.0,-5.025310998938767,-0.13457702923034276,-4.756156940478082,-3.598374633674596,-2.9332474010695093,-4.058461481585925
585774,74.9,-5.465222979424858,-0.24520645436534394,-4.97481007069417,-3.3465599160973465,-2.230333022805876,-3.3381085968819453
585775,60.0,-5.68461482586209,-0.2993370842724264,-5.085940657317237,-2.449458524953813,,-3.086200583778899
585776,654.0,-5.735334679046607,-0.3324453769608091,-5.070443925124989,,,
585777,159.0,-5.137295634316029,-0.24710697454562464,-4.64308168522478,-3.613393831845297,-3.598374633674596,-4.146338042229555
588534,276.0,-3.9341288169166257,-0.05576729517521091,-3.822594226566204,-2.2150127414781,,-3.4749645446117627
588536,48.0,-3.665840822552426,-0.0245830225171473,-3.6166747775181314,-2.237627285449974,,-2.8566200290023773
588537,72.0,-3.599842109814524,-0.016849432840747053,-3.5661432441330296,-2.237627285449974,,-2.889158532103445
588540,106.0,-6.491640204615341,-0.47753742171557045,-5.5365653611842,-2.057207607224364,-3.9238300367544054,-3.6150913064562706
588544,128.5625,-4.5623557373956904,-0.07595575250476375,-4.410444232386163,-3.7839116628976055,-2.237627285449974,-3.342996977333661
588545,496.0,-5.534537178959895,-0.0908559661843757,-5.352825246591144,-4.077269316128931,-2.237627285449974,-3.2870175706379916
588546,526.0,-6.291627555864229,-0.09608544395775027,-6.099456667948729,-4.2728290091791195,-3.089319623206278,-3.580149645066361
588547,323.0,-6.3994290330305885,-0.12174637027201467,-6.155936292486559,-4.476527303184641,-3.3592170171330706,-3.8577266836528255
588548,53.2,-6.765383257451028,-0.15174987129665637,-6.461883514857716,-3.7839116628976055,-3.6720938035344766,-4.005593348449425
588549,127.0,-7.288462310777963,-0.18089985517236845,-6.926662600433226,-3.81992711338458,-3.6720938035344766,-3.987194159885607
588550,72.4375,-7.325292939389817,-0.22762460098783985,-6.870043737414137,-2.7620638750313136,-3.6720938035344766,-4.026897493899188
588551,302.0,-7.358262842238803,-0.24086107379358343,-6.876540694651636,,-3.6720938035344766,-3.911650313486384
588552,76.0,-7.366966440219375,-0.25629318035204524,-6.854380079515285,,-3.6720938035344766,-3.7708223611611573
588553,78.4375,-7.3224107624136,-0.21030661883199342,-6.901797524749614,,-3.724051331984855,-4.008273200599413
588554,112.0,-7.325977389593461,-0.2274083268401282,-6.871160735913204,,-3.724051331984855,-3.741592018716428
588555,94.4375,-7.303178523215792,-0.22059783475048808,-6.861982853714816,-2.237627285449974,-3.7839116628976055,-3.342996977333661
588556,345.0,-7.34431694258912,-0.2828057988305106,-6.778705344928099,-2.887607661944378,-3.7839116628976055,-3.47455802604057
588557,393.0,-7.34431694258912,-0.2828057988305106,-6.778705344928099,-2.887607661944378,-3.7839116628976055,-3.47455802604057
588558,1066.0,-6.77202081712704,-0.2212737677916452,-6.32947328154375,-2.5432942461457033,-4.077269316128931,-3.4163135051968703
588559,76.0,-5.262638222313798,-0.16738002350212247,-4.927878175309553,-2.0901416240380972,-4.476527303184641,-3.3699224699196524
588560,109.0,-5.326980623874366,-0.18568476366806813,-4.95561109653823,,-4.476527303184641,-3.6238344588393354
588561,502.0,-5.134958318692192,-0.18457546787595744,-4.765807382940277,,-3.7839116628976055,-3.805817500772967
588562,279.0,-4.266469282276278,-0.12507859004128305,-4.016312102193711,,-2.7620638750313136,-2.616275883304921
588563,50.0,-4.064740468074713,-0.11087916939362535,-3.842982129287462,,,
588564,152.0,-4.054157956531288,-0.0942511146915782,-3.8656557271481318,,,
588565,247.0,-4.037378856323917,-0.07151201622314807,-3.894354823877621,,,
588847,44.0,-6.383211485404008,-0.0941836720373708,-6.194844141329266,-1.4836597943661012,0.0,0.0
588848,40.0,,0.0,,,,
588851,138.5,-7.200745607386723,-0.1510493505359505,-6.898646906314822,,0.0,0.0
588854,1232.0,-7.207672539582487,-0.18227341000281458,-6.843125719576857,,0.0,0.0
588855,425.0,-6.719607334812766,-0.14817472613973814,-6.4232578825332896,,0.0,0.0
588856,78.0,-5.677186091666315,-0.09490545728734676,-5.4873751770916215,,0.0,0.0
588857,1287.0,-5.208728502194262,-0.14977061993221397,-4.909187262329834,,0.0,0.0
588858,1169.0,-5.208728502194262,-0.14977061993221397,-4.909187262329834,,0.0,0.0
588859,1036.0,-4.9338548692099735,-0.13804360775872893,-4.657767653692516,,0.0,0.0
588861,749.0,-4.003843319202507,-0.09567146846045431,-3.8125003822815984,,0.0,0.0
588862,1564.0,-3.8365620803666327,-0.08999930536863782,-3.656563469629357,,0.0,0.0
588863,477.0,-3.7783233990632317,-0.0759251529444685,-3.626473093174295,,0.0,0.0
588864,118.0,-3.70147661225298,-0.049404420130611984,-3.6026677719917557,,0.0,0.0
588865,126.0,-3.7027710293079155,-0.03823940158032792,-3.6262922261472594,,0.0,0.0
588866,843.0,-3.762774925683265,-0.03893516440396878,-3.6849045968753273,,0.0,0.0
588867,108.0,-3.7602928736615944,-0.044479366262768466,-3.6713341411360574,,0.0,0.0
588868,61.0,-3.803478064961649,-0.04997413877762198,-3.703529787406405,,0.0,0.0
588872,649.0,-5.113285221772839,-0.024687191015989155,-5.06391083974086,,0.0,0.0
591466,46.0,-7.863511923208154,-1.06425444431506,-5.735003034578034,-1.7703480851854974,-4.932059310535262,-3.9812858844663874
591491,761.0,-6.5891241991120655,-0.8194007230868937,-4.950322752938278,-3.51232161681368,-3.108119757784468,-3.519033547501135
591514,230.0,-5.531471054958395,-0.3408724722916778,-4.849726110375039,-1.76801073635543,-2.74204424049686,-2.6951989395727627
591536,540.0,-11.585974162629064,-1.3613474685042954,-8.863279225620474,-4.687814569378755,-1.3303196122583245,-3.907635876220816
591537,552.0,-11.77387634949511,-1.4936194589062899,-8.78663743168253,-5.170086156134422,,-4.451606460949254
591549,708.0,-8.781579548879183,-1.5138068226126595,-5.753965903653864,-5.170086156134422,,-3.9111224292632376
591550,294.0,-8.367748745629381,-1.3567425704969505,-5.65426360463548,-4.169347056685287,-1.9079530871349024,-3.1532373533611437
591552,1098.0,-7.412825627649215,-0.6518830795523983,-6.109059468544419,-3.1655854309958986,-2.088808981431614,-3.415545890690401
591579,135.0,-11.0696871475399,-1.3375280268628977,-8.394631093814105,-1.6336030404862012,-5.70835238673146,-3.822773683644974
594292,58.75,-4.78374983043069,-0.08227050739940593,-4.619208815631878,,,
594300,46.0,-4.3015366970685225,-0.18973674281380623,-3.92206321144091,,-2.5051103210028733,-1.7939378433800297
594430,68.77777777777777,-6.449409807677257,-0.6562350330496489,-5.136939741577959,,,
594431,590.0,,0.0,,,,
594432,2595.0,,0.0,,,,
594622,52.5,-3.8428128432832724,-0.05059266048235999,-3.7416275223185527,,,
594623,57.0,-3.911052175396455,-0.029240297552291693,-3.8525715802918716,,,
594624,46.5,-3.754908154966723,-0.026237504958395618,-3.7024331450499317,,,
594625,83.0,-3.7878587095423426,-0.028643916549592124,-3.730570876443158,,,
594626,43.0,-4.058659852467819,-0.035830297668542024,-3.9869992571307344,,,
594627,43.0,-5.39659337108859,-0.379505304580306,-4.637582761927979,,,
594628,86.0,-4.136961395472783,-0.06637919707113284,-4.004203001330517,,,
594629,55.0,-5.098875599185088,-0.3019325154048138,-4.49501056837546,,,
594630,55.0,-5.159180903931835,-0.10049984537847283,-4.95818121317489,,,
594631,32.0,-5.168439489542072,-0.2999049791969612,-4.56862953114815,,,
594632,58.0,-4.23812484279652,-0.11991581572957852,-3.9982932113373626,,,
594675,19.0,,0.0,,,,
598145,25.0,,0.0,,,,
598151,30.0,,0.0,,,,
598153,26.0,,0.0,,,,
598163,64.0,,0.0,,,,
598768,45.5,-4.116505901569719,-0.16250514300953423,-3.7914956155506507,,,
598769,69.25,-4.142254315355191,-0.0946067619978438,-3.9530407913595034,,,-1.9399630831632806
598777,186.5,-4.641657663136702,-0.14199746472258587,-4.357662733691531,,,-1.1668776937268008
599024,91.0,-5.767641157327278,-0.16509177786428106,-5.437457601598716,,-2.960797155518239,-3.091290210497979
599087,198.0,-5.208728502194262,-0.14977061993221397,-4.909187262329834,-2.887607661944378,-4.476527303184641,-3.5809724424700318
599093,3285.0,-3.8146030580662798,-0.07820600993133024,-3.6581910382036193,,,
599149,30.0,-5.208728502194262,-0.14977061993221397,-4.909187262329834,-2.230333022805876,-4.476527303184641,-3.3446109289095722
599155,145.0,-3.8146030580662798,-0.07820600993133024,-3.6581910382036193,,,
599202,150.0,-5.767641157327278,-0.16509177786428106,-5.437457601598716,-2.887607661944378,-4.2728290091791195,-3.5087098152189444
599203,111.0,-5.225085160483973,-0.1552771104503042,-4.914530939583364,-2.5432942461457033,-4.476527303184641,-3.47193511598833
599208,146.0,-3.9122345701143075,-0.10032853835069722,-3.7115774934129133,,,
599261,144.0,-6.768377929757571,-0.2133565358486016,-6.341664858060367,,-4.077269316128931,-3.091290210497979
599267,96.0,-4.149780036033513,-0.11611648729447216,-3.9175470614445684,,-2.7620638750313136,-2.096905160867117
599268,87.0,-3.9122345701143075,-0.10032853835069722,-3.7115774934129133,,,
599322,115.0,-5.243692648420958,-0.16248173789963066,-4.918729172621696,-2.7899754889435813,-4.600163896442966,-3.7269759178511044
599374,375.0,-7.207672539582487,-0.18227341000281458,-6.843125719576857,,-3.7839116628976055,-3.6400878681586906
599378,77.0,-6.768377929757571,-0.2133565358486016,-6.341664858060367,-2.887607661944378,-4.077269316128931,-3.4380436299494574
599441,150.0,-5.262638222313798,-0.16738002350212247,-4.927878175309553,-2.6957792409097148,-4.600163896442966,-3.6713561938023864
599552,136.0,-7.304334659425641,-0.1825131968702142,-6.939308265685213,0.0,,
599553,46.5,-7.200745607386723,-0.1510493505359505,-6.898646906314822,0.0,,
599554,160.0,-7.205135480988378,-0.16479357639334724,-6.875548328201684,0.0,,
599569,361.0,-3.7602928736615944,-0.044479366262768466,-3.6713341411360574,0.0,,
599577,39.0,-7.304334659425641,-0.1825131968702142,-6.939308265685213,,-2.7827587985480102,-2.7251368430169576
599578,47.25,-7.315019908181137,-0.19554620158572808,-6.923927505009681,,-2.7827587985480102,-2.4725622628028328
599581,475.75,-7.207672539582487,-0.18227341000281458,-6.843125719576857,,-2.5051103210028733,-2.7023007369204888
599590,1863.25,-3.8799564931402477,-0.09812824339456135,-3.683700006351125,,,
599591,1689.5,-3.8146030580662798,-0.07820600993133024,-3.6581910382036193,,,
601209,499.75,-4.542867499356408,-0.1227639349247328,-4.297339629506943,,,-1.6569776262888005
601212,1452.25,-3.7783233990632317,-0.0759251529444685,-3.626473093174295,,,
601215,340.5,-3.762774925683265,-0.03893516440396878,-3.6849045968753273,,,
601216,304.0,-3.7602928736615944,-0.044479366262768466,-3.6713341411360574,,,
601276,917.25,-4.003843319202507,-0.09567146846045431,-3.8125003822815984,0.0,-2.262283975324169,0.0
601282,831.0,-3.7602928736615944,-0.044479366262768466,-3.6713341411360574,0.0,-1.244841480045953,0.0
606793,50.0,-6.215436440132457,-0.07363076410657997,-6.068174911919297,,,
607149,35.0,-4.704443873881903,-0.030941582231833256,-4.642560709418237,,,
607186,22.0,-4.239039392276965,-0.05508022933039405,-4.128878933616177,,,
607204,41.0,-6.08800242495724,-0.04107273379312782,-6.005856957370985,,,
607205,38.0,-5.782636780403632,-0.021248785418942973,-5.740139209565745,,,
607207,70.0,-6.259679276262864,-0.038758441437245605,-6.182162393388373,,,
607285,78.0,-4.572833707130811,-0.04097491916120291,-4.490883868808405,,,
607286,40.0,-5.119943723376877,-0.09862118806756742,-4.922701347241742,,,
607330,23.0,,0.0,,,,
607332,41.0,,0.0,,,,
607341,70.0,,0.0,,,,
607352,20.0,,0.0,,,,
607357,85.0,,0.0,,,,
607428,21.0,,0.0,,,,
607429,21.0,,0.0,,,,
609391,1799.0,-5.547077017007367,-0.1080776445411965,-5.330921727924974,,,
609408,859.0,-4.934523567622838,-0.35192609017888005,-4.230671387265078,,,
609416,93.0,-5.4403961450215155,-0.11220045993193936,-5.215995225157637,,,
609547,982.0,-4.751956999585206,-0.1843014487145508,-4.383354102156104,,,
609555,737.0,-3.4032196768054845,-0.03069422482567155,-3.3418312271541413,,,
609592,53.0,-5.7504449790544,-0.3199352049091474,-5.110574569236105,,,
610010,28.0,-3.9861336236494336,-0.06686325491654099,-3.8524071138163514,,,
610015,71.0,-5.720747450329409,-0.5412254588982968,-4.638296532532815,-2.995108214816082,,-4.407037926345229
615840,752.0,-6.199824683426989,-0.5818661531157048,-5.03609237719558,0.0,0.0,0.0
615884,1039.0,-11.102960588703448,-1.0174773605129719,-9.068005867677504,0.0,0.0,0.0
615898,754.0,-6.797080759633172,-0.7811453618641968,-5.234790035904778,0.0,0.0,0.0
615901,118.0,-6.748348825107736,-1.0867391980643726,-4.574870428978991,0.0,0.0,0.0
615903,33.0,-7.24097322287669,-1.4008417386519805,-4.439289745572729,0.0,0.0,0.0
615909,2042.0,-7.076825602562919,-0.39181952936660225,-6.293186543829714,0.0,0.0,0.0
615910,978.0,-7.090168964588986,-0.4026988264106194,-6.284771311767747,0.0,0.0,0.0
615911,474.0,-7.158511440451312,-0.4245639811592397,-6.309383478132832,0.0,0.0,0.0
619967,58.0,-8.783530828531314,-1.8435781595112979,-5.096374509508718,-1.9811221590685817,-4.6591875413158315,-4.49195699361791
619984,23.0,-6.972655767187003,-0.9261949963030194,-5.1202657745809645,-2.9302659638631208,,-5.460157639319606
619987,24.0,-7.317279996598947,-1.0477283753732194,-5.221823245852508,-4.624862026510838,-3.7499017984732044,-4.630341602849664
619988,29.0,-10.836327720659593,-0.9910094738094638,-8.854308773040666,-7.581105572192915,-2.4963829445559496,-3.373513214307542
619992,26.0,-11.10931437394256,-1.1253203443852267,-8.858673685172107,-2.941237925626411,-4.624862026510838,-3.8996975365195072
619998,52.0,-7.771415458244582,-0.6256918048822111,-6.52003184848016,-4.775191020063379,,-3.315745402908063
620000,31.0,-8.215760623560977,-0.6297622989030812,-6.956236025754814,-5.9664567967535955,-2.4945904092448763,-3.5307060528243506
620003,28.666666666666668,-8.297253459619908,-0.7501143493107566,-6.7970247609983945,-1.9291981798930962,-4.775191020063379,-4.396318898822491
620004,24.0,-8.767131957560714,-0.9755855409390709,-6.815960875682572,-1.7518248584774219,-2.969931065241567,-3.036356945354625
620008,24.0,-7.545675091449813,-1.4379968845307924,-4.669681322388229,-2.3083561234416696,-1.9710524731167633,-2.589340008458397
620009,28.0,-7.689134344144085,-1.3762304236837808,-4.936673496776523,-2.01642810816357,-2.941237925626411,-4.4613075507880975
620010,24.0,-7.85185472120069,-1.417971817558664,-5.015911086083362,-2.5611553108154883,,-3.6219676559465497
620013,41.0,-7.032187257314357,-1.0010316659724918,-5.030123925369374,,-2.3083561234416696,-2.1373884684808475
630497,429.0,-7.577677489087804,-0.8619992156299978,-5.853679057827808,,,
630689,2088.3,-7.45557096331895,-0.583354727408453,-6.288861508502044,,,
630692,1634.8,-7.722468871294721,-1.0347510460869265,-5.652966779120868,,,
630693,1247.5,-7.546582688112527,-1.0944050152240352,-5.357772657664457,,,
630696,1117.0,-6.199824683426989,-0.5818661531157048,-5.03609237719558,,,
630716,41.0,-6.748348825107736,-1.0867391980643726,-4.574870428978991,,,
630717,1005.0,-6.956271997776805,-1.4574954590918408,-4.041281079593124,,,
630718,57.89999999999999,-7.24097322287669,-1.4008417386519805,-4.439289745572729,,,
630719,2553.0,-7.085562033539919,-0.41254412494646503,-6.260473783646988,,,
630722,207.0,-7.158511440451312,-0.4245639811592397,-6.309383478132832,,,
630725,1729.0,-8.045361796648383,-0.47417999414010226,-7.097001808368178,,,
630726,1330.0,-7.974958553811303,-0.40121269632801426,-7.172533161155274,,,
630727,614.0,-7.85139011393963,-0.297714381374386,-7.255961351190858,,,
630794,39.0,-6.385156155487069,-0.7078918602377954,-4.969372435011478,,0.0,
633323,326.0,-5.685013896117671,-0.22080794586458044,-5.24339800438851,,,
633358,1693.0,-4.897737765388815,-0.13651876318106135,-4.6247002390266925,,,
633365,41.0,-5.531914438961649,-0.14954276683438703,-5.232828905292875,,,
633398,32.0,-4.488943835081355,-0.10869964025785717,-4.271544554565641,,,
633483,1296.0,-3.7598778359948724,-0.12972728738125988,-3.5004232612323527,,,
640677,2328.0,-6.2249650708520505,-0.1545097935162988,-5.915945483819453,,,
640714,635.0,-4.722473235490874,-0.10884094126758863,-4.504791352955697,,,
640717,82.0,-5.601064482360579,-0.15823948258172973,-5.28458551719712,,,
647414,718.5,-6.797080759633172,-0.7811453618641968,-5.234790035904778,,,
647419,39.3,-7.24097322287669,-1.4008417386519805,-4.439289745572729,,,
647420,90.3,-7.499979883569944,-0.9498336884099843,-5.600312506749976,,,
647421,613.3,-7.332695405781629,-0.2974362136222582,-6.737822978537112,,,
647423,1290.3,-7.1004713768798124,-0.4371893614629935,-6.226092653953826,,,
647424,1451.0,-7.085562033539919,-0.41254412494646503,-6.260473783646988,,,
647426,548.5,-7.090168964588986,-0.4026988264106194,-6.284771311767747,,,
647428,2658.8,-7.536991279054796,-0.45328538920675093,-6.630420500641294,,,
647429,1306.3,-8.061816124114024,-0.47787698130107237,-7.106062161511879,,,
647442,564.8,-7.577677489087804,-0.8619992156299978,-5.853679057827808,,,
647446,69.0,-6.748348825107736,-1.0867391980643726,-4.574870428978991,,,
647447,61.5,-6.956271997776805,-1.4574954590918408,-4.041281079593124,,,
647448,100.8,-7.24097322287669,-1.4008417386519805,-4.439289745572729,,,
647449,61.3,-7.499979883569944,-0.9498336884099843,-5.600312506749976,,,
647450,1850.8,-7.332695405781629,-0.2974362136222582,-6.737822978537112,,,
647451,1376.3,-7.2071669019508215,-0.2745975877403536,-6.657971726470114,,,
647453,1774.3,-7.085562033539919,-0.41254412494646503,-6.260473783646988,,,
647454,324.3,-7.076825602562919,-0.39181952936660225,-6.293186543829714,,,
647457,1609.0,-7.536991279054796,-0.45328538920675093,-6.630420500641294,,,
647475,40.0,-6.748348825107736,-1.0867391980643726,-4.574870428978991,,,
647476,62.0,-6.956271997776805,-1.4574954590918408,-4.041281079593124,,,
647477,74.8,-7.24097322287669,-1.4008417386519805,-4.439289745572729,,,
647478,62.0,-7.499979883569944,-0.9498336884099843,-5.600312506749976,,,
647482,959.8,-7.085562033539919,-0.41254412494646503,-6.260473783646988,,,
647506,36.3,-7.24097322287669,-1.4008417386519805,-4.439289745572729,,0.0,
647508,49.8,-7.332695405781629,-0.2974362136222582,-6.737822978537112,,0.0,
647514,276.0,-7.158511440451312,-0.4245639811592397,-6.309383478132832,,0.0,
647531,248.5,-7.499979883569944,-0.9498336884099843,-5.600312506749976,,0.0,
647532,156.8,-7.332695405781629,-0.2974362136222582,-6.737822978537112,,0.0,
651499,69.8,-5.041194533232103,-0.13164018187202975,-4.777914169488043,,,
651530,163.0,-4.940861984125134,-0.1960508280628269,-4.548760327999481,,,
651541,37.3,-4.8589520381753335,-0.24555729308410884,-4.367837452007116,,,
651555,53.3,-5.6122065705129005,-0.4466731214831677,-4.718860327546565,,,
651587,151.8,-4.430473503356437,-0.11389217383217176,-4.202689155692093,,,
651603,585.3,-5.620626983502019,-0.6696369166114214,-4.281353150279176,,,
651634,54.3,-4.9899272362103995,-0.12877750188276307,-4.732372232444873,,,
651795,76.0,-5.209400383650058,-0.11843608460846604,-4.972528214433126,,,
651987,143.45,-4.6500139675528604,-0.1489755782046107,-4.3520628111436395,,,
651990,33.8,-5.278950601749982,-0.2163345256765419,-4.846281550396898,,,
652004,96.3,-5.198331369716906,-0.3833874418351192,-4.431556486046667,,,
652522,1720.0,-5.073224375426657,-0.09586465101320389,-4.881495073400249,,,
654401,34.0,-12.133925650147036,-2.2135105587090647,-7.706904532728907,-4.121430949983752,-4.169347056685287,-4.444788159210465
654451,45.333333333333336,-11.515926774416457,-1.4478511732403454,-8.620224427935765,-2.256448785576293,-7.666414776544035,-4.1665762160679565
654452,75.5,-11.435941464998237,-1.5533311395698108,-8.329279185858615,-2.2440964064076434,-7.765387155012841,-4.022820133552044
654472,46.333333333333336,-8.355884768372254,-0.9306492076228542,-6.494586353126546,,-3.4900458788037443,-4.546298562980476
654481,35.0,-8.090158431728755,-1.5267161899976367,-5.036726051733481,-2.5636826271141993,-3.005138372442818,-3.755783824045643
654483,67.5,-7.733024775010334,-1.3495795431262658,-5.0338656887578015,-2.4963829445559496,,-4.144105127753364
654490,28.0,-6.938501444860611,-0.9578848009458045,-5.0227318429690015,,-2.2155273542983376,-1.6480527792223265
654568,35.0,-5.87877284424495,-0.4541367722377523,-4.970499299769445,,,-4.136636556803894
654691,55.333333333333336,-8.356505604158288,-0.5703809970846979,-7.215743609988892,-3.5556879705240334,-3.5354420190722093,-4.040394570747273
654707,48.0,-8.550085074572005,-0.6166595859421234,-7.316765902687758,-3.607623657266731,-3.5354420190722093,-4.040394570747273
654740,43.0,-11.532964155627628,-0.3305244855936088,-10.871915184440411,-3.7275536805665537,-3.7357555708150576,-4.3268579300774075
654771,59.0,-10.847390111674516,-1.0719455957739292,-8.703498920126657,-2.941237925626411,-7.765387155012841,-3.8871372442709675
654999,45.333333333333336,-7.396271932718611,-1.023604043943705,-5.349063844831202,,-3.964227902775945,-5.1579433728104815
655049,27.0,-6.8182228865235714,-0.7725753576538842,-5.273072171215803,,-3.2931305841189897,-4.499142194404652
655071,42.0,-7.003204724781083,-0.8242064486180491,-5.354791827544985,,-3.964227902775945,-4.548882266592653
655093,26.0,-7.396271932718611,-1.023604043943705,-5.349063844831202,,-3.964227902775945,-4.82187655624279
655861,24.848484848484848,-5.052741002694718,-0.20436114506193925,-4.64401871257084,-3.076936802078503,,
655862,50.0,-5.052741002694718,-0.20436114506193925,-4.64401871257084,-3.076936802078503,,
656173,90.0,-4.793009476423982,-0.1809281760951489,-4.431153124233684,,,
656326,31.545454545454547,-6.77667751432365,-1.023044818051807,-4.730587878220035,-2.7838316453167096,,
660261,32.195488721804516,-5.549236278461382,-0.34092345420807907,-4.867389370045223,,,
661161,35.93014705882353,-12.710949344983558,-0.7829224194027578,-11.145104506178042,-3.587684653619558,,-2.7183911438949284
662212,94.0,,0.0,,,,
662219,1784.0,,0.0,,,,
662285,1326.0,,0.0,,,,
662301,362.0,,0.0,,,,
662302,945.0,,0.0,,,,
662358,45.0,-6.721411519417363,-0.10671429114447387,-6.507982937128415,,,
662368,50.0,-5.636652930208847,-0.1962503026518611,-5.244152324905125,,,
662380,170.0,-4.508045488572464,-0.13965797676924957,-4.228729535033965,,,
662423,1910.0,-3.5854355103844076,-0.04863311261533838,-3.488169285153731,,,
662438,2635.0,-4.643379038797805,-0.15879167996398294,-4.32579567886984,,,
662442,54.0,-4.841093666824206,-0.18022019636389391,-4.480653274096419,,,
662453,3626.0,-3.1622763481396654,-0.015405182780906081,-3.1314659825778532,,,
662454,1409.0,-3.139307197907797,-0.023778188507162887,-3.091750820893471,,,
662455,903.0,-4.8564999811811616,-0.17599336844058255,-4.504513244299996,,,
662456,216.0,-4.787650642567674,-0.1236514843687775,-4.5403476738301185,,,
662466,261.0,-4.631331906437973,-0.1869556488871034,-4.257420608663766,,,
662478,1637.0,-3.6963496677788856,-0.02436456598972678,-3.6476205357994322,,,
662489,54.0,-3.833845250613565,-0.043032110028846667,-3.747781030555872,,,
662571,365.0,-3.7092090778430746,-0.011899485599732085,-3.6854101066436105,,,
662595,126.0,-5.367774499439771,-0.32069246249613337,-4.726389574447504,,,
662610,3737.0,-3.8999250692216547,-0.025314173008705244,-3.8492967232042443,,,
662616,1194.0,-5.723431902998252,-0.05035172861144463,-5.622728445775363,,,
662647,488.0,-4.318177400808368,-0.1192407426100579,-4.079695915588252,,,
662648,1914.0,-4.540634928001509,-0.18051701717335789,-4.1796008936547935,,,
662649,2031.0,-4.666927505656817,-0.180517017173358,-4.305893471310101,,,
662704,2088.0,-5.4790246775391624,-0.7887131239608668,-3.9015984296174286,,,
662724,2858.0,-4.481469283292215,-0.346322556186874,-3.788824170918467,,,
662725,3366.0,-4.326056155249894,-0.329024285779405,-3.668007583691084,,,
662940,29.0,-4.230477428701029,-0.09806213471099823,-4.034353159279032,,,
662941,465.0,-4.325121632682346,-0.12401657529475234,-4.077088482092841,,,
662944,1560.0,-4.316721226974112,-0.11173248710919298,-4.093256252755726,,,
662950,745.0,-6.578839253709963,-0.22218312508144317,-6.134473003547076,,,
662951,1197.0,-5.1412490965412365,-0.3472111212001778,-4.446826854140881,,,
662957,339.0,-4.58282820592923,-0.3056719009453964,-3.9714844040384376,,,
662962,1887.0,-3.9683083671188104,-0.05165837687831885,-3.864991613362173,,,
662964,2078.0,-5.948242068691661,-0.052229188328331046,-5.843783692034998,,,
662992,49.0,-5.296683170927924,-0.1563930330743346,-4.983897104779254,,,
663086,91.0,-6.452866986862545,-0.4302983433100018,-5.592270300242541,,,
663092,84.0,-4.679345330656877,-0.0910790465993338,-4.497187237458209,,,
663097,5256.0,-5.022218959909792,-0.3140623450395238,-4.394094269830744,,,
663116,573.0,-4.6812289402229466,-0.2515534557892156,-4.178122028644515,,,
663117,1451.0,-6.244391940757361,-0.21870977663720118,-5.806972387482959,,,
663143,549.0,,0.0,,,,
663144,4398.0,-5.061542243803487,-0.24754131228172704,-4.566459619240033,,,
663147,110.0,,0.0,,,,
663180,45.0,,0.0,,,,
663202,1931.0,-4.901264693906742,-0.16841319036856994,-4.564438313169602,,,
663748,28.0,-12.697848797626902,-0.47680149984726194,-11.744245797932377,,,
664507,25.0,-12.730787781698076,-0.8238249498175437,-11.083137882062989,,,
665001,28.0,-12.710949344983558,-0.7829224194027578,-11.145104506178042,-3.587684653619558,,-2.7183911438949284
665795,541.0,-3.837858565338033,-0.03430642038278154,-3.7692457245724698,,,
665892,255.0,-3.647088882705191,-0.04923519270126279,-3.548618497302665,,,
665893,1259.5,-3.815430583119983,-0.0468662022791145,-3.7216981785617542,,,
665908,6042.0,,0.0,,,,
665933,1353.0,-3.60368283151408,-0.029555495370012473,-3.5445718407740547,,,
666168,3855.0,-4.4210980335163255,-0.12211659670590425,-4.176864840104517,,,
666178,14669.0,-7.057238464558451,-0.17031213419473154,-6.7166141961689885,,,
666224,34.0,-12.730787781698076,-0.8238249498175437,-11.083137882062989,,,
666431,85.5,-5.694518088650539,-0.14837254454584115,-5.397772999558857,,,
666440,8173.0,-4.528588561104602,-0.13168063583188694,-4.265227289440828,,,
666449,150.0,-4.839370605926548,-0.2871864875254947,-4.264997630875558,,,
666475,1989.0,-5.438357107191446,-0.14799257318641845,-5.142371960818609,,,
666496,2926.0,-3.865069859467365,-0.025873910613266347,-3.813322038240832,,,
666569,3427.0,-5.113775648558156,-0.07469647797867099,-4.964382692600814,,,
666575,525.0,-3.778565119443211,-0.08147453976250861,-3.615616039918194,,,
666582,3543.0,-4.373575120500657,-0.0771149915866954,-4.219345137327267,,,
666584,43.3,-4.497820722142323,-0.12700358413033982,-4.243813553881643,,,
666586,2970.0,-5.018215543930342,-0.38228633547800744,-4.253642872974328,,,
666587,1057.0,-5.031141683289549,-0.3661203984206627,-4.298900886448224,,,
666649,4662.0,-4.6139339074550465,-0.10665769434373866,-4.400618518767569,,,
666683,1363.0,-4.98229524838459,-0.12888160751462285,-4.724532033355344,,,
666881,26.666666666666668,-4.7634825818331805,-0.15659070212037626,-4.450301177592428,-1.4836597943661012,-2.695034049564393,-2.8826411074269838
666904,24.0,-4.924900669787483,-0.18113471085349128,-4.562631248080501,-3.076936802078503,-2.695034049564393,-3.461229534503736
666961,17.0,-12.730787781698076,-0.8238249498175437,-11.083137882062989,,,
666981,21.0,-12.698743300260313,-0.759142404723138,-11.180458490814036,,,
670061,24.0,-12.730787781698076,-0.8238249498175437,-11.083137882062989,,,
670699,37.5,-12.726324902331216,-0.7928368090671744,-11.140651284196867,,,
670700,32.0,-12.73505894187666,-0.8073242626070801,-11.1204104166625,-5.766742574102643,,-3.6070206134928857
670701,55.5,-12.726324902331216,-0.7928368090671744,-11.140651284196867,-4.923381381856424,,-3.08542301751234
671144,26.75,-12.730787781698076,-0.8238249498175437,-11.083137882062989,,,
671165,45.5,-12.73505894187666,-0.8073242626070801,-11.1204104166625,,,
671261,69.0,-12.730787781698076,-0.8238249498175437,-11.083137882062989,,,
671262,24.0,-12.730787781698076,-0.8238249498175437,-11.083137882062989,,,
673502,24.0,-12.730787781698076,-0.8238249498175437,-11.083137882062989,,,
675441,42.0,-4.924900669787483,-0.18113471085349128,-4.562631248080501,-3.076936802078503,,-3.1958254539070996
675442,26.0,-4.924900669787483,-0.18113471085349128,-4.562631248080501,-3.076936802078503,-2.695034049564393,-3.461229534503736
677841,32.0,-12.780506596750895,-0.803350220723986,-11.173806155302923,-3.587684653619558,,
677842,21.0,-12.780506596750895,-0.803350220723986,-11.173806155302923,-3.587684653619558,,
677843,53.0,-12.730787781698076,-0.8238249498175437,-11.083137882062989,,,
677844,25.0,-12.730787781698076,-0.8238249498175437,-11.083137882062989,,,
678347,28.0,-6.452866986862545,-0.4302983433100018,-5.592270300242541,,,
678348,43.0,-6.452866986862545,-0.4302983433100018,-5.592270300242541,,,
678349,39.0,-6.452866986862545,-0.4302983433100018,-5.592270300242541,,,
678381,28.818181818181817,-6.722760706398764,-1.0102263919566064,-4.702307922485552,,,
678382,27.454545454545453,-6.722760706398764,-1.0102263919566064,-4.702307922485552,,,
678383,33.36363636363637,-6.722760706398764,-1.0102263919566064,-4.702307922485552,,,
678384,38.45454545454545,-6.722760706398764,-1.0102263919566064,-4.702307922485552,,,
680122,41.0,-19.034916558485797,-0.8634387938952622,-17.30803897069527,,,
681257,30.0,-7.475462254805161,-1.3461793665228614,-4.783103521759438,-4.923449278252422,-2.5611553108154883,-3.529345324318853
682883,35.6,-5.53358903653079,-0.4137451865065439,-4.706098663517702,,-2.995108214816082,-4.3662990728654245
682884,33.607142857142854,-5.53358903653079,-0.4137451865065439,-4.706098663517702,,-2.995108214816082,-4.3662990728654245
682885,34.34285714285714,-5.53358903653079,-0.4137451865065439,-4.706098663517702,,-2.995108214816082,-4.3662990728654245
682886,34.864285714285714,-5.53358903653079,-0.4137451865065439,-4.706098663517702,,-2.995108214816082,-4.3662990728654245
684057,32.27142857142857,-5.549236278461382,-0.34092345420807907,-4.867389370045223,,,
690522,2440.0,-5.155076278106502,-0.39452472119857895,-4.366026835709343,,,
691564,23.0,-3.9977793244978077,-0.06273202237196476,-3.8723152797538782,0.0,,
694804,476.0,-9.324013744709163,-0.6138543236242908,-8.096305097460581,,,
695815,40.3,-5.931787680153229,-0.40241892307482163,-5.126949834003586,,,
695823,27.7,-4.307309497653136,-0.08023280236002579,-4.146843892933084,,,
695847,326.3,-4.601040109660736,-0.09406632690014409,-4.412907455860448,,,
695867,722.8,-5.014457876005215,-0.1396882553857065,-4.735081365233802,,,
695912,28.8,-4.812342610146175,-0.118718903252889,-4.574904803640397,,,
695930,50.5,-4.92275312358299,-0.3520179248610462,-4.218717273860898,,,
695976,101.8,-4.692887375981992,-0.35676729502695365,-3.979352785928085,,,
695980,42.5,-5.359847971242884,-0.2259198690651824,-4.908008233112519,,,
695981,53.8,-5.439617581587229,-0.2726594578597007,-4.894298665867828,,,
695995,37.8,-4.979455624031557,-0.2710341423196843,-4.437387339392188,,,
696026,56.5,-6.500282824901455,-0.25653784214692116,-5.987207140607612,,,
696317,46.8,-5.460632546837059,-0.04481119170364507,-5.3710101634297684,,,
696816,44.0,-5.703962152647094,-0.5681323488188376,-4.5676974550094185,,,
699806,23.0,-12.696861543428083,-0.7119566473843918,-11.272948248659299,,,
699807,19.0,-12.696861543428083,-0.7119566473843918,-11.272948248659299,,,
699809,23.0,-12.72972908936653,-0.8403501614415542,-11.04902876648342,,,
699811,48.0,-12.72972908936653,-0.8403501614415542,-11.04902876648342,,,
699813,20.0,-12.72972908936653,-0.8403501614415542,-11.04902876648342,,,
699815,30.0,-12.72972908936653,-0.8403501614415542,-11.04902876648342,,0.0,
702334,48.8,-5.531914438961649,-0.14954276683438703,-5.232828905292875,,0.0,
702366,256.75,-4.888735338905898,-0.19851497416200953,-4.4917053905818785,,,
702843,38.3,-8.42351113209329,-1.206866734055275,-6.0097776639827405,-2.665318758663364,-5.884360181718094,-3.5770038006209743
702909,72.0,-4.888735338905898,-0.19851497416200953,-4.4917053905818785,,,
702954,265.0,-4.888735338905898,-0.19851497416200953,-4.4917053905818785,,,
705051,47.29999999999999,-8.42351113209329,-1.206866734055275,-6.0097776639827405,-2.665318758663364,-5.884360181718094,-3.5770038006209743
705052,34.8,-6.547082073651788,-0.48455623154405303,-5.577969610563683,-4.5388289733860825,,-3.3345624377020435
705053,39.0,-8.453334295237802,-1.5937223412189432,-5.265889612799915,-5.76255896748927,-5.170086156134422,-5.476638110217381
706937,25.0,-5.871518600317969,-0.589081117884821,-4.693356364548327,-2.816097144095327,-3.1434108720337686,-3.3004759784482163
706940,36.3,-7.24097322287669,-1.4008417386519805,-4.439289745572729,,,
706941,37.5,-7.24097322287669,-1.4008417386519805,-4.439289745572729,,,
706942,34.3,-7.499979883569944,-0.9498336884099843,-5.600312506749976,,,
706943,35.5,-7.499979883569944,-0.9498336884099843,-5.600312506749976,,,
715415,1075.0,-4.339738898920575,-0.12443356482733987,-4.090871769265895,,,
715473,3046.0,-4.44483232616823,-0.09591070313987717,-4.253010919888475,,,
715480,791.0,-5.811164600912996,-0.41562754567490223,-4.979909509563191,,,
715483,70.5,-5.798418822226917,-0.7203405801996366,-4.3577376618276435,,,
715484,116.0,-5.964746312070956,-0.6086071415424636,-4.747532028986028,,,
715487,65.8,-5.280366771661961,-0.15034254372843253,-4.9796816842050955,,,
715491,33.0,-6.41599658180719,-0.2654853958783096,-5.8850257900505705,,,
715557,1755.0,-5.098818508903971,-0.2513552729533933,-4.596107962997184,,,
715558,65.0,-5.039518302013871,-0.23704320570833415,-4.5654318905972024,,,
715582,2460.0,-4.194685931999514,-0.10661907624837592,-3.981447779502762,,,
715593,628.0,-4.564668596176487,-0.18788056622484056,-4.188907463726806,,,
715609,1120.0,-4.307669644489518,-0.08842012518615014,-4.130829394117218,,,
716424,2077.0,-4.172576885933127,-0.19640707660679863,-3.77976273271953,,,
716454,41.5,-7.90638351235332,-0.17962554331099606,-7.547132425731328,,,
716455,1089.0,-4.017652802246848,-0.04931299511224885,-3.91902681202235,,,
716480,2156.0,-5.222719427280842,-0.18948690080069144,-4.8437456256794595,,,
716481,1935.0,-4.491708243371906,-0.0873928269054579,-4.31692258956099,,,
716502,2920.0,-5.032482481334618,-0.403758095442364,-4.22496629044989,,,
716513,325.0,-5.916604754052762,-0.14012583713815382,-5.6363530797764545,,,
728458,1311.0,-4.551503921961477,-0.12484344897369103,-4.301817024014095,,,
728466,868.0,-3.863098329983827,-0.030812997822985043,-3.801472334337857,,,
728706,3673.0,-3.5494428652755574,-0.014367200021899017,-3.5207084652317593,,,
728708,3270.0,-3.836038607039544,-0.0349028674775339,-3.766232872084476,,,
728759,599.0,-3.9668163965700374,-0.0528742950508335,-3.8610678064683706,,,
728806,2422.0,-3.6681291494882435,-0.03504910643096086,-3.598030936626322,,,
728958,107.5,-4.3583547137561816,-0.0368185354988814,-4.284717642758419,,,
728969,100.5,-5.212060319468752,-0.22040776506161927,-4.771244789345514,,,
728970,385.5,-4.914884237368581,-0.2574088898335481,-4.4000664577014845,,,
728998,865.0,-4.788964673132632,-0.18493405214071054,-4.419096568851211,,,
729018,83.5,-6.039558666584227,-0.20561801604146251,-5.628322634501302,,,
729049,529.25,-4.31958640483127,-0.12492910505286739,-4.069728194725535,,,
729050,182.5,-4.569334582051476,-0.15121894148412174,-4.266896699083232,,,
729213,411.0,-7.0507845448518,-0.1476259721873582,-6.755532600477084,,,
729433,685.0,-4.3722131625300005,-0.08702891510736638,-4.198155332315268,,,
729454,4541.0,-3.5418539113635545,-0.03323413447890873,-3.475385642405737,,,
729476,2046.0,-5.361998665852248,-0.2671046054709742,-4.8277894549103,,,
729494,101.0,-5.480188002923346,-0.18998606985867603,-5.100215863205994,,,
729495,254.0,-4.762861529689492,-0.07763661940941843,-4.607588290870655,,,
739949,24.0,-6.26886435227796,-0.20635051329685233,-5.856163325684256,-3.047697058521591,-3.344214162613975,-3.6713095251175236
740133,26.0,,0.0,,,,
747137,36.2,-8.948510793946896,-0.5983572303556888,-7.751796333235519,,,
747149,422.8,-6.796772303423274,-1.029389715246287,-4.7379928729307,,,
754175,41.0,-4.8161410376668705,-0.29059224506669784,-4.234956547533475,,,
754179,4668.0,-7.668932726733191,-1.0308876183746978,-5.607157489983795,,,
754181,4130.0,-7.668932726733191,-1.0308876183746978,-5.607157489983795,,,
754182,1143.0,-7.668932726733191,-1.0308876183746978,-5.607157489983795,,,
754205,1690.0,-7.668932726733191,-1.0308876183746978,-5.607157489983795,,,
754206,2420.0,-7.668932726733191,-1.0308876183746978,-5.607157489983795,,,
754207,1480.0,-7.668932726733191,-1.0308876183746978,-5.607157489983795,,,
754208,1108.0,-7.668932726733191,-1.0308876183746978,-5.607157489983795,,,
756188,3175.0,-4.514654916269827,-0.1101344737646805,-4.294385968740467,,,
757456,28.0,-4.641650274742944,-0.21462137860685737,-4.212407517529229,,,-3.905331359904555
757457,34.0,-4.641650274742944,-0.21462137860685737,-4.212407517529229,,,-3.905331359904555
766720,38.0,-4.96235207951211,-0.21566431921656226,-4.531023441078985,-2.674532052841036,-3.3327199249230284,-3.737988818696369
775493,36.0,-4.641650274742944,-0.21462137860685737,-4.212407517529229,,,-3.905331359904555
775494,47.0,-4.641650274742944,-0.21462137860685737,-4.212407517529229,,,-3.905331359904555
775495,42.0,-4.641650274742944,-0.21462137860685737,-4.212407517529229,,,-3.905331359904555
775496,32.0,-4.641650274742944,-0.21462137860685737,-4.212407517529229,,,-3.905331359904555
785478,232.5,-4.31958640483127,-0.12492910505286739,-4.069728194725535,,,
785485,701.0,-5.361998665852248,-0.2671046054709742,-4.8277894549103,,,
785525,199.5,-4.2313998447437005,-0.10053586900584822,-4.030328106732004,,,
785537,335.0,-4.98054130845644,-0.2400773342696359,-4.500386639917168,,0.0,
785539,104.5,-4.224941946712103,-0.05458086803326729,-4.1157802106455685,,,
785666,321.0,-3.6681291494882435,-0.03504910643096086,-3.598030936626322,,,
785674,92.0,-4.2313998447437005,-0.10053586900584822,-4.030328106732004,,,
785675,81.0,-4.375166272873943,-0.08482624544691426,-4.205513781980114,,,
785764,47.5,-4.224941946712103,-0.05458086803326729,-4.1157802106455685,,,
785791,937.0,-4.31958640483127,-0.12492910505286739,-4.069728194725535,,,
785920,1356.0,-5.004503850446132,-0.17876338126791022,-4.646977087910312,,0.0,
785926,232.0,-4.2313998447437005,-0.10053586900584822,-4.030328106732004,,,
785938,348.0,-4.98054130845644,-0.2400773342696359,-4.500386639917168,,0.0,
785940,754.0,-4.224941946712103,-0.05458086803326729,-4.1157802106455685,,,
786501,1258.0,-5.004503850446132,-0.17876338126791022,-4.646977087910312,,,
786503,45.5,-6.094592183225826,-0.24387772697136578,-5.606836729283095,,,
786524,176.5,-4.650648261785288,-0.2743707748199101,-4.1019067121454675,,,
786538,1514.0,-3.595336368816092,-0.036543511081138826,-3.5222493466538145,,,
786548,133.5,-5.169119932197324,-0.45674845662522173,-4.25562301894688,,,
786578,439.0,-4.375166272873943,-0.08482624544691426,-4.205513781980114,,,
786597,69.5,-5.4285505124544695,-0.1739259921950065,-5.080698528064456,,,
790615,65.0,-4.887526986592886,-0.5421207385504916,-3.8032855094919027,,,
792169,34.0,-7.668932726733191,-1.0308876183746978,-5.607157489983795,,,
793406,42.0,-5.437373400801376,-0.45515578826580766,-4.527061824269761,,,
793444,51.0,-5.918637727358103,-0.07643135799697483,-5.765775011364154,,,
797131,167.8,-4.725398313627174,-0.15317910878252683,-4.419040096062121,,,
797192,2079.8,-4.382534435953083,-0.10112388834028732,-4.180286659272508,,,
797236,70.5,-4.024899462500727,-0.06827644768794121,-3.8883465671248447,,,
797258,1061.3,-3.8353863882106345,-0.06912353462742385,-3.6971393189557866,,,
797262,244.5,-4.127097056669193,-0.08249204322062585,-3.9621129702279414,,,
797264,484.0,-4.299368916788563,-0.11526852822929344,-4.068831860329976,,,
797266,641.3,-4.251704309103316,-0.2367251202976534,-3.7782540685080095,,,
797289,218.8,-4.465866598982996,-0.16234727951741518,-4.141172039948166,,,
797293,921.5,-4.641542532564987,-0.059541106528143505,-4.5224603195087,,,
797294,248.5,-4.296736761340835,-0.12256081616701864,-4.051615129006798,,,
797295,1262.8,-4.633756558140178,-0.13035096071520189,-4.373054636709774,,,
797304,252.3,-4.812517723964416,-0.164657594994027,-4.483202533976362,,,
797308,65.8,-4.597425858721004,-0.1941565320050877,-4.209112794710829,,,
797309,112.5,-4.770395906319154,-0.24676707221248345,-4.276861761894187,,,
797312,1630.5,-4.967578465682863,-0.2613764945800828,-4.4448254765226975,,,
797313,46.3,-4.478284494319613,-0.09817784760706379,-4.2819287991054855,,,
797340,558.3,-2.7352176171523266,-0.009122089584483012,-2.7169734379833606,,,
797444,224.0,-4.562555825816085,-0.13228155821375004,-4.297992709388585,,,
797466,433.5,-5.143910757564264,-0.3046099277667217,-4.53469090203082,,,
797468,87.0,-5.23241816813114,-0.34572905647756946,-4.540960055176001,,,
797469,3698.3,-5.359231370929908,-0.3589856747956417,-4.641260021338625,,,
797495,45.8,-5.267783046981866,-0.44986447172753613,-4.368054103526794,,,
797497,61.0,-6.422153406867418,-0.3053682715419412,-5.811416863783536,,,
797500,43.8,-5.211436457397341,-0.1885140851920046,-4.834408287013332,,,
797501,546.0,-4.724413356546773,-0.05052338136169,-4.623366593823393,,,
797507,65.5,-4.549842913434166,-0.1877977494978365,-4.174247414438493,,,
797508,120.5,-4.782539227773462,-0.29051827402157393,-4.201502679730314,,,
797523,237.3,-4.675849093428465,-0.18119364203478044,-4.3134618093589046,,,
797793,2175.3125,-9.987449267925127,-0.7056483663083701,-8.576152535308387,,,
798781,40.0,-5.07941595747567,-0.049126513933372765,-4.981162929608924,,,
799144,253.0,-4.265768441656567,-0.07003678655595294,-4.125694868544661,,,
801727,157.0,-3.4983235019793684,-0.037047232986097384,-3.4242290360071737,,,
801919,102.0,-4.894057666086826,-0.18768367902246447,-4.518690308041897,,,
801965,376.0,-3.776730690876282,-0.03175218616611579,-3.7132263185440504,,,
802095,325.0,-4.878700367334968,-0.11996158743378824,-4.6387771924673915,,,
826262,236.8,-4.801061331412775,-0.16411619440634506,-4.472828942600085,,,
826393,116.8,-4.2908073931832735,-0.07567105447609906,-4.1394652842310755,,,
826394,466.0,-4.226820049816174,-0.08231143903872072,-4.062197171738733,,,
826558,126.8,,0.0,,,,
826631,1073.5,-4.7161516983349925,-0.24454505120628223,-4.227061595922428,,,
826632,113.3,-4.1920358393744594,-0.06297502459801037,-4.066085790178438,,,
826655,1349.8,-3.8709139914741195,-0.07310959676420878,-3.724694797945702,,,
826687,1174.0,-4.6490664946970535,-0.13609493005481085,-4.376876634587432,,,
826688,430.0,-4.550427781777166,-0.10045293996580734,-4.349521901845551,,,
826743,115.0,-4.748296520109969,-0.1393055125720342,-4.4696854949659,,,
826753,58.0,-5.761239466961928,-0.11256822622634804,-5.536103014509232,,,
826763,77.0,-4.474159060635485,-0.12746371525505168,-4.219231630125382,,,
826776,1685.8,-4.543996372389019,-0.2229950655931705,-4.098006241202678,,,
826793,1306.3,-4.965299176021367,-0.17269876361529185,-4.619901648790783,,,
826796,1552.5,-5.1534157356387436,-0.23874639524165447,-4.675922945155435,,,
826811,439.3,-4.592248293927377,-0.20772994466928676,-4.1767884045888035,,,
826819,297.0,-3.5321289764591572,-0.09263350039437454,-3.346861975670408,,,
826828,559.0,-4.318430304365654,-0.08000028285105304,-4.158429738663548,,,
826906,41.0,-3.622964970719916,-0.0427660694175816,-3.537432831884753,,,
827030,44.0,-4.38164832070239,-0.15688467931053782,-4.0678789620813145,,,
827148,33.5,-4.669616956220393,-0.12668181726583935,-4.416253321688714,,,
827175,123.8,-5.168795293312353,-0.15826655200143944,-4.852262189309474,,,
827200,61.5,-4.788641113420497,-0.19510100215762985,-4.3984391091052375,,,
827254,155.3,-3.8878495973158542,-0.08999489027412527,-3.707859816767604,,,
827288,65.8,-4.234309491471133,-0.0513663643906921,-4.131576762689749,,,
827307,55.5,-4.7185968992563065,-0.42847294442238304,-3.8616510104115402,,,
827347,52.5,-5.216268248291097,-0.29670815627488756,-4.6228519357413225,,,
827348,284.5,-5.229475683431202,-0.2974247473566132,-4.634626188717975,,,
827359,65.8,-4.192456094616563,-0.09633812061392724,-3.999779853388709,,,
827360,45.8,-6.001172359429383,-0.2743448053029395,-5.4524827488235035,,,
827372,49.0,-5.596992874635206,-0.21229751576730388,-5.172397843100598,,,
827382,33.3,-4.8824488049053985,-0.1408954191084173,-4.600657966688564,,,
827392,39.5,-5.759454133006769,-0.6967736084696488,-4.3659069160674715,,,
827393,207.5,-5.377593565362792,-0.4630634709740079,-4.451466623414777,,,
827398,121.3,-5.262544729345607,-0.16322061838534685,-4.936103492574913,,,
827408,339.8,-4.707555642810565,-0.1371911261779966,-4.433173390454572,,,
827410,205.8,-5.8324623721759155,-0.33481668109645324,-5.1628290099830085,,,
827414,145.8,-5.06139124091378,-0.7305112664287312,-3.6003687080563176,,,
827419,62.0,-4.835404452992928,-0.24921717102947732,-4.336970110933973,,,
827437,63.8,-4.5005033559987995,-0.20170442794443813,-4.0970945001099235,,,
827449,300.0,-4.997002554874029,-0.16427909563441806,-4.668444363605192,,,
827497,100.5,-6.436018397162578,-0.1396453883393932,-6.1567276204837915,,,
827502,126.3,-4.719164163574243,-0.2207742680286729,-4.277615627516897,,,
829994,65.0,,0.0,,,,
830025,208.0,-5.509223061996089,-0.4552630342064479,-4.598696993583193,,,
830027,40.0,-6.060420129461009,-0.18530843634934105,-5.6898032567623265,,,
830121,198.0,-4.266326529088026,-0.08383475069970979,-4.098657027688606,,,
833013,1103.0,-3.697397113346713,-0.005169930474282599,-3.687057252398148,,,
833188,2158.0,-4.035059599540385,-0.07210854380728614,-3.8908425119258125,,,
833211,1629.0,-3.905157923611012,-0.03469469296952643,-3.8357685376719592,,,
833270,150.0,-4.53456214721613,-0.06590930443914167,-4.402743538337846,,,
833343,527.0,,0.0,,,,
833413,357.0,-3.727936958849498,-0.07421353376212757,-3.579509891325243,,,
833484,739.0,-5.3398977244786785,-0.04022070905995281,-5.259456306358773,,,
833486,111.0,-4.923826075857578,-0.02793210058075259,-4.867961874696073,,,
833487,569.0,-4.524841822128574,-0.02308765861360835,-4.478666504901358,,,
833488,353.0,-4.5719422244489625,-0.03852920763392804,-4.494883809181107,,,
833490,1042.0,-3.9134514254726884,-0.022718427505580837,-3.868014570461527,,,
833561,60.0,-5.005996355451656,-0.22214953572705975,-4.561697283997537,,,
833580,125.0,-5.584081283554021,-0.040243562498698426,-5.5035941585566235,,,
833581,42.0,-5.151198912741543,-0.011132514425303946,-5.128933883890935,,,
833631,77.0,-5.484600267161091,-0.08969804495033333,-5.305204177260424,,,
833635,42.0,-4.462924606862254,-0.16402077979704732,-4.1348830472681595,,,
833678,392.0,-4.20644408355153,-0.06775239072116808,-4.070939302109195,,,
833699,35.0,-5.225865415880625,-0.3061405542990366,-4.613584307282552,,,
833711,117.0,-4.697855323782815,-0.1543307126146967,-4.389193898553422,,,
833715,420.0,-4.870777243612047,-0.042263204941309085,-4.786250833729429,,,
833733,545.0,-5.18716761348017,-0.07870335791046155,-5.029760897659247,,,
833741,50.0,-4.525223861762234,-0.11872293688015348,-4.287777988001927,,,
833748,64.0,-4.890529695182823,-0.07914111266512427,-4.732247469852575,,,
833756,1338.0,-4.101488524738128,-0.03714427170792872,-4.027199981322271,,,
833762,128.0,-5.3417725425362725,-0.594518875266052,-4.152734792004169,,,
833767,129.0,-3.9225150042064882,-0.03822197449119311,-3.846071055224102,,,
833773,228.0,-5.380126620865435,-0.1538212492912758,-5.072484122282884,,,
833813,43.0,-5.212098916485016,-0.35072288568897714,-4.510653145107062,,,
833814,1598.0,-5.178893907758074,-0.37351853633689186,-4.4318568350842895,,,
833882,39.0,-4.16875158980132,-0.07281827054991408,-4.0231150487014915,,,
833886,142.0,-6.750172995316097,-0.07319763320866506,-6.603777728898767,,,
833887,47.0,-6.454942742379411,-0.19174547085685945,-6.071451800665693,,,
833904,94.0,-5.1835314484212365,-0.31165285146759164,-4.560225745486053,,,
833910,265.0,-3.7342020504378497,-0.077540099599644,-3.5791218512385616,,,
833951,425.0,-5.209907750337667,-0.2037227809811683,-4.802462188375331,,,
833965,50.0,-5.114163911547398,-0.1581428355980923,-4.7978782403512135,,,
833973,94.0,-5.05352449357747,-0.20727223105260364,-4.638980031472262,,,
845219,96.0,-12.0545901113268,-1.1254778906760934,-9.803634329974614,,-3.4111726795127773,-2.220805682420278
854214,933.0,-3.953955675480714,-0.04929431797443312,-3.855367039531848,,,
854302,231.66666666666666,-4.900921614162553,-0.05690443682441403,-4.7871127405137255,,,
854376,2361.0,-4.46200995569236,-0.042598930551511816,-4.3768120945893365,,,
854459,104.0,-5.2878876760585465,-0.08372190397939851,-5.120443868099749,,,
854471,41.0,-5.1802549883973805,-0.20629684314791835,-4.767661302101544,,,
854527,1976.0,-3.546340617452363,-0.023649590807722522,-3.4990414358369177,,,
854535,391.0,-4.694309178545581,-0.13722473978337332,-4.419859698978834,,,
854537,475.0,-4.627503209133133,-0.14450604845849885,-4.338491112216135,,,
854545,83.0,-5.286381917847477,-0.4918334574520481,-4.302715002943381,,,
855156,2938.0,-5.652478168296505,-0.21050860494275367,-5.231460958410998,,,
855160,28.0,-5.652478168296505,-0.21050860494275367,-5.231460958410998,,,
855161,40.0,-5.652478168296505,-0.21050860494275367,-5.231460958410998,,,
863413,19.0,,0.0,,,,
863419,15.0,,0.0,,,,
863424,18.0,,0.0,,,,
863425,25.0,,0.0,,,,
863427,22.0,,0.0,,,,
863433,17.0,,0.0,,,,
863434,24.0,,0.0,,,,
863436,17.0,,0.0,,,,
863437,21.0,,0.0,,,,
863438,18.0,,0.0,,,,
863439,42.0,,0.0,,,,
863441,20.0,,0.0,,,,
863444,19.0,,0.0,,,,
863445,20.0,,0.0,,,,
863448,24.0,,0.0,,,,
863452,20.0,,0.0,,,,
863472,35.0,,0.0,,,,
863473,23.0,,0.0,,,,
863474,21.0,,0.0,,,,
863475,23.0,,0.0,,,,
863477,67.0,,0.0,,,,
863479,29.0,,0.0,,,,
863480,19.0,,0.0,,,,
863481,28.0,,0.0,,,,
863482,20.0,,0.0,,,,
863483,19.0,,0.0,,,,
863484,25.0,,0.0,,,,
863485,19.0,,0.0,,,,
863486,18.0,,0.0,,,,
863489,38.0,,0.0,,,,
863490,19.0,,0.0,,,,
863491,20.0,,0.0,,,,
863493,18.0,,0.0,,,,
863494,19.0,,0.0,,,,
863495,17.0,,0.0,,,,
863496,545.0,,0.0,,,,
863497,36.0,,0.0,,,,
863498,23.0,,0.0,,,,
863499,21.0,,0.0,,,,
863502,34.0,,0.0,,,,
863506,30.0,,0.0,,,,
863507,19.0,,0.0,,,,
863509,23.0,,0.0,,,,
863510,40.0,,0.0,,,,
863511,31.0,,0.0,,,,
863512,21.0,,0.0,,,,
863514,22.0,,0.0,,,,
863516,18.0,,0.0,,,,
863517,25.0,,0.0,,,,
863518,35.0,,0.0,,,,
863520,21.0,,0.0,,,,
863522,31.0,,0.0,,,,
863524,49.0,,0.0,,,,
863525,20.0,,0.0,,,,
863526,32.0,,0.0,,,,
863527,25.0,,0.0,,,,
863531,835.0,,0.0,,,,
863536,22.0,,0.0,,,,
863537,29.0,,0.0,,,,
863538,16.0,,0.0,,,,
863539,22.0,,0.0,,,,
863541,19.0,,0.0,,,,
863545,28.0,,0.0,,,,
863547,22.0,,0.0,,,,
863548,550.0,,0.0,,,,
863549,17.0,,0.0,,,,
863550,32.0,,0.0,,,,
863552,18.0,,0.0,,,,
863553,18.0,,0.0,,,,
863568,72.0,-6.383095303675006,-0.5184458449602949,-5.346203613754416,-6.383095303675006,-6.383095303675006,-6.8102963115333495
863576,125.0,-6.325797033629155,-0.5730964076529187,-5.179604218323318,,,
863577,176.0,-7.018937393417871,-1.1856889720869603,-4.64755944924395,-4.127545699820103,-2.2733909682603235,-2.056187424987457
863579,50.0,-6.14077734906205,-0.19668376961335324,-5.747409809835344,-3.641438263559435,-1.331639848851138,-3.22323993676593
863581,74.0,-10.391272875342153,-0.5098235928308789,-9.371625689680396,-10.391272875342153,-10.391272875342153,-10.818473883200495
863582,71.0,-9.074197903366938,-0.4897369742422457,-8.094723954882447,-9.074197903366938,-9.074197903366938,-9.501398911225282
863587,60.0,-7.957840579608069,-0.6214280183531036,-6.7149845429018615,-7.957840579608069,-7.957840579608069,-8.385041587466413
863633,35.0,-6.49653552654431,-0.26855205118103403,-5.959431424182242,,,
863637,321.0,-6.558241179294957,-0.20947051804702846,-6.1393001432009005,,,
863655,77.0,-5.734527522684447,-0.4530062580098434,-4.82851500666476,,,
863670,25.0,-5.8699310387802255,-0.5381808481427364,-4.793569342494752,,,
863681,27.0,-5.748223075512373,-0.3677473533198726,-5.012728368872628,,,
863682,306.0,-6.590059461995,-1.0940215678511573,-4.402016326292685,,-3.689502556471541,-1.9033798762719796
865060,11058.0,-7.2029301136492565,-1.3186905180089208,-4.565549077631415,,,
865061,9014.0,-7.457851211177161,-1.3214260233969732,-4.814999164383215,,,
881413,43.0,-4.676605523553459,-0.27685800511752245,-4.122889513318414,,,
881442,594.0,-4.971931898720907,-0.679413281382583,-3.6131053359557415,,,
881449,35.0,-4.550553806180552,-0.15399941825912605,-4.2425549696623,,,
881450,100.0,-4.922623801106115,-0.15088018977840326,-4.620863421549309,,,
881506,683.0,-4.406537578825882,-0.08133312263807345,-4.243871333549735,,,
881517,121.0,-5.421907400650304,-0.15860242118136858,-5.104702558287567,,,
881581,501.0,-4.03507782047003,-0.09661897756286376,-3.841839865344302,,,
881582,206.0,-3.6624292976302684,-0.05865191872022317,-3.545125460189822,,,
881588,902.0,-4.804100131837667,-0.14128203014801963,-4.521536071541628,,,
881610,44.0,-5.130425093580791,-0.16976373867834413,-4.790897616224103,,,
881658,186.5,-5.280177922001128,-0.1149459475845647,-5.050286026831999,,,
881659,4924.0,-5.182671553974175,-0.06617107414374765,-5.050329405686679,,,
881660,267.0,-5.130425710328963,-0.05129208856786632,-5.0278415331932305,,,
881727,1120.0,-4.6666672986181394,-0.273057209074913,-4.120552880468313,,,
881728,644.0,-4.661599926095625,-0.2721420715683125,-4.117315782959,,,
881742,780.0,-4.35892726301615,-0.07372948635947507,-4.2114682902972,,,
881955,4127.0,-4.273006454607093,-0.05060270574120638,-4.17180104312468,,,
882085,53.0,-5.546130887995422,-0.4462321939236528,-4.653666500148116,,,
882086,2522.0,-5.263044085592435,-0.212844027194225,-4.837356031203985,,,
882087,377.0,-5.445742999816314,-0.4289919202908268,-4.587759159234661,,,
882099,3607.0,-5.2930546842740585,-0.18466774346415923,-4.92371919734574,,,
882175,575.0,-4.589771487256529,-0.18083017766105075,-4.228111131934428,,,
882177,2666.0,-4.356298649240578,-0.05098643623090612,-4.254325776778766,,,
882228,893.0,-4.666502191664114,-0.04876120163751471,-4.568979788389085,,,
882305,2688.0,-5.4161070867135646,-0.4121277417339781,-4.591851603245608,,,
882398,980.0,-5.381499672353409,-0.42153982657824157,-4.538420019196926,,,
882408,46.0,-5.5267341819717695,-0.2911476270669739,-4.944438927837822,,,
882433,2683.0,-5.276297839598127,-0.5174726910327369,-4.241352457532653,,,
882800,2644.5,-6.239756479591419,-0.20172680108315516,-5.8363028774251084,,,
884288,1476.0,-5.914128738380259,-0.3252605170592135,-5.263607704261832,,,
895155,69.5,-6.803089660712307,-0.4758837173191029,-5.851322226074101,,,
895571,319.0,-5.652478168296505,-0.21050860494275367,-5.231460958410998,,,
903822,68.0,-4.933696429780622,-0.3099637815693541,-4.313768866641913,,,
903853,413.0,-4.526097921657675,-0.1282720423893583,-4.269553836878958,,,
904082,33.0,-7.3342787984003,-0.297890783625464,-6.738497231149372,,,
904101,39.0,-5.267729018222574,-0.018062885220055187,-5.231603247782464,,,
904226,40.0,-5.392799923870435,-0.2660115008145348,-4.8607769222413655,,,
904619,590.0,-4.837380297621776,-0.14777594043123213,-4.541828416759311,,,
904627,1122.0,-5.21360714024788,-0.19793619998231848,-4.8177347402832424,,,
904628,41.0,-5.2372840701882595,-0.20758241824129756,-4.822119233705664,,,
904763,90.0,-4.811433992363766,-0.14526188798183262,-4.520910216400101,,,
904766,297.0,-4.75290264596538,-0.18479566167147668,-4.3833113226224265,,,
905032,106.0,-4.790346124958585,-0.17188322419400212,-4.446579676570581,,,
905095,246.0,-4.638995360482879,-0.23329555727218468,-4.172404245938509,,,
905139,92.0,-4.947685226638046,-0.20816076355101132,-4.531363699536024,,,
905373,81.0,-6.199344939096619,-0.8856313428049052,-4.428082253486808,,,
905469,60.0,-5.3871967621784105,-0.14602189374337002,-5.09515297469167,,,
905491,972.0,-4.573509703547788,-0.1839430911827091,-4.205623521182369,,,
905505,62.0,-5.990846902873774,-0.49266114699338404,-5.005524608887006,,,
905511,303.0,-6.310408375497064,-0.15467416406817225,-6.00106004736072,,,
905521,120.0,-5.672576222664033,-0.12525974726798725,-5.422056728128059,,,
905633,31.0,-4.631062321461684,-0.12912347296109003,-4.372815375539504,,,
905634,42.0,-4.6499639586805115,-0.12456434812138042,-4.4008352624377505,,,
905665,182.0,-5.917339431187005,-0.106569818732235,-5.704199793722536,,,
905758,68.0,-5.012506165883159,-0.0897407843887514,-4.8330245971056565,,,
905867,168.0,-5.790309985853911,-0.25465711592689794,-5.280995754000116,,,
908166,259.0,-5.076272051771492,-0.28551838385733386,-4.505235284056825,,,
908213,93.0,-4.118904020974702,-0.033705038398150436,-4.051493944178401,,,
908389,1073.0,-4.15543700169231,-0.06196367274543037,-4.031509656201449,,,
908408,67.0,-4.777066215607493,-0.1939021676551524,-4.389261880297188,,,
908416,425.0,-4.622829733346279,-0.18199007861467598,-4.258849576116927,,,
908420,105.0,-4.909713768605075,-0.1721325176355778,-4.565448733333919,,,
910956,992.0,-5.309757260169116,-0.22540704832644937,-4.8589431635162175,,,
910959,1311.0,-4.753046617905337,-0.12713196788304865,-4.49878268213924,,,
911019,1118.0,-3.666507500081785,-0.026579205451023772,-3.6133490891797373,,,
911101,1709.0,-5.030929013274604,-0.12192115188924488,-4.787086709496115,,,
911118,968.0,-5.4510292528349735,-0.23658111595467618,-4.977867020925621,,,
911144,1138.0,-4.89986554025828,-0.058865267717342705,-4.782135004823594,,,
911179,453.0,-6.038398182601487,-0.07209290132421568,-5.894212379953055,,,
911180,170.0,-6.065145148968416,-0.09980950889189395,-5.865526131184628,,,
923867,18.0,-12.415695852040702,-0.8280668139838272,-10.759562224073047,-12.415695852040702,-12.415695852040702,-12.842896859899046
935603,193.0,-5.558920058036272,-0.25046052316096656,-5.057999011714339,,,
935620,1883.0,-4.744427335311916,-0.11967397788569582,-4.505079379540525,,,
935658,72.0,-5.031141683289549,-0.3661203984206627,-4.298900886448224,,,
935696,702.5,-5.031141683289549,-0.3661203984206627,-4.298900886448224,,,
935697,1504.0,-5.182671553974175,-0.06617107414374765,-5.050329405686679,,0.0,
935698,1462.0,-5.2930546842740585,-0.18466774346415923,-4.92371919734574,,0.0,
935700,722.0,-4.661599926095625,-0.2721420715683125,-4.117315782959,,0.0,
935701,426.0,-3.6624292976302684,-0.05865191872022317,-3.545125460189822,,0.0,
935707,1334.0,-5.287607677990866,-0.1718013793396347,-4.944004919311596,,0.0,
935724,1630.0,-5.155076278106502,-0.39452472119857895,-4.366026835709343,,0.0,
935734,1253.0,-5.031141683289549,-0.3661203984206627,-4.298900886448224,,0.0,
935762,561.0,-5.155076278106502,-0.39452472119857895,-4.366026835709343,,0.0,
935782,680.0,-5.018215543930342,-0.38228633547800744,-4.253642872974328,,,
935850,661.0,-5.031141683289549,-0.3661203984206627,-4.298900886448224,,,
935851,513.0,-5.182671553974175,-0.06617107414374765,-5.050329405686679,,0.0,
935854,304.0,-4.661599926095625,-0.2721420715683125,-4.117315782959,,0.0,
935857,1270.0,-4.804100131837667,-0.14128203014801963,-4.521536071541628,,0.0,
935878,1805.0,-5.155076278106502,-0.39452472119857895,-4.366026835709343,,0.0,
935898,101.0,-5.018215543930342,-0.38228633547800744,-4.253642872974328,,,
935918,139.5,-5.155076278106502,-0.39452472119857895,-4.366026835709343,,,
935921,708.0,-4.428445334720918,-0.21074021052218964,-4.006964913676538,,,
935928,69.0,-5.031141683289549,-0.3661203984206627,-4.298900886448224,,,
935948,192.0,-4.934523567622838,-0.35192609017888005,-4.230671387265078,,0.0,
935958,97.0,-5.155076278106502,-0.39452472119857895,-4.366026835709343,,0.0,
935961,1068.0,-4.428445334720918,-0.21074021052218964,-4.006964913676538,,0.0,
935968,171.0,-5.031141683289549,-0.3661203984206627,-4.298900886448224,,0.0,
936006,38.0,-5.031141683289549,-0.3661203984206627,-4.298900886448224,,0.0,
936007,131.0,-5.182671553974175,-0.06617107414374765,-5.050329405686679,0.0,,0.0
936016,731.0,-5.018215543930342,-0.38228633547800744,-4.253642872974328,0.0,,0.0
936018,609.0,-5.287607677990866,-0.1718013793396347,-4.944004919311596,0.0,,0.0
936053,31.90625,-5.652478168296505,-0.21050860494275367,-5.231460958410998,,,
936069,77.0,-3.953955675480714,-0.04929431797443312,-3.855367039531848,,,
936088,35.0,-5.2878876760585465,-0.08372190397939851,-5.120443868099749,,,
936096,48.0,-6.750172995316097,-0.07319763320866506,-6.603777728898767,,,
936100,81.0,-3.546340617452363,-0.023649590807722522,-3.4990414358369177,,,
936104,44.0,-5.286381917847477,-0.4918334574520481,-4.302715002943381,,,
936110,93.0,-5.594054727389328,-0.06057199348892545,-5.472910740411478,,,
936142,45.0,-5.1031327804994016,-0.49515615617623643,-4.1128204681469285,,,
936147,429.0,-3.882105416466412,-0.04929431797443312,-3.783516780517546,,,
936158,90.0,-4.870335553249043,-0.0776756298435414,-4.71498429356196,,,
936169,30.0,-6.03282424757376,-0.15475222766671778,-5.723319792240325,,,
936198,46.0,-5.2878876760585465,-0.08372190397939851,-5.120443868099749,,0.0,
936199,31.0,-5.1802549883973805,-0.20629684314791835,-4.767661302101544,,0.0,
936208,106.0,-3.7342020504378497,-0.077540099599644,-3.5791218512385616,,0.0,
936214,55.0,-5.286381917847477,-0.4918334574520481,-4.302715002943381,,0.0,
936218,38.0,-5.061556944381478,-0.24266305898271998,-4.5762308264160385,,0.0,
936251,551.0,-4.694309178545581,-0.13722473978337332,-4.419859698978834,,0.0,
936268,60.0,-4.870335553249043,-0.0776756298435414,-4.71498429356196,,0.0,
936279,43.0,-6.03282424757376,-0.15475222766671778,-5.723319792240325,,0.0,
936315,457.0,-5.594054727389328,-0.06057199348892545,-5.472910740411478,,,
936415,132.0,-4.2697461219701,-0.0452286797169137,-4.179288762536273,,,
948660,112.0,-5.97604777993506,-0.08872555955003072,-5.798596660834998,,,
948673,225.0,-4.404298076561146,-0.08895084705519357,-4.226396382450758,,,
948675,100.0,-4.788179063638359,-0.15441672121761807,-4.479345621203123,,,
948677,65.0,-4.7104393263127475,-0.12734804764222765,-4.4557432310282925,,,
948951,107.0,-4.220923317793132,-0.04307715609467003,-4.1347690056037925,,,
949158,713.0,-5.203319829252562,-0.2021540041052513,-4.799011821042059,,,
949190,64.0,-6.648908167170576,-0.08325669898112191,-6.482394769208332,,,
949865,45.0,-4.815874906324729,-0.16731606558034903,-4.481242775164031,,,
949873,89.0,-3.9767694107304985,-0.07184716570860264,-3.8330750793132933,,,
949874,1079.0,-3.9002361805720147,-0.04718775189458852,-3.805860676782838,,,
949935,98.0,-4.549102990276367,-0.13256849644661528,-4.283965997383136,,,
950023,42.0,-4.682781464842056,-0.23864807241038358,-4.205485320021289,,,
950030,59.0,-5.283768616768105,-0.32160202567214485,-4.640564565423816,,,
950060,47.0,-5.006999738703469,-0.1152314529690663,-4.776536832765336,,,
950089,40.0,-5.630041339474273,-0.36994214405640313,-4.8901570513614665,,,
950132,58.0,-4.9673171546115,-0.22630525294430276,-4.514706648722894,,,
950183,49.0,-5.34670667812322,-0.2811060162472242,-4.784494645628771,,,
951356,64.0,-4.885242190045584,-0.13319034504788435,-4.618861499949815,,,
951362,60.0,-5.38055589352044,-0.13419257924971148,-5.112170735021017,,,
951371,312.0,-4.370236200204103,-0.1118222300947811,-4.146591740014541,,,
951372,59.0,-5.529640981617019,-0.2893260484447174,-4.950988884727584,,,
951407,172.0,-4.996171206520828,-0.2071571510291466,-4.581856904462535,,,
951431,64.0,-5.336266421635637,-0.075734535439413,-5.184797350756811,,,
951793,319.0,-6.88471368264821,-0.633860074083614,-5.616993534480981,,,
951797,41.0,-5.078260635729487,-0.14826130426783654,-4.781738027193814,,,
951798,53.0,-5.056048617892299,-0.12756994422428558,-4.800908729443727,,,
951799,44.0,-5.078465345374292,-0.1366609795121035,-4.805143386350085,,,
951816,121.0,-5.3340487111033354,-0.3406241046523588,-4.652800501798618,,,
951821,79.0,-5.187093999568669,-0.5456181666831863,-4.095857666202296,,,
951827,56.0,-4.900329724345603,-0.18498752394915868,-4.530354676447286,,,
951839,45.0,-7.077487908076666,-0.07269591363347037,-6.932096080809726,,,
951845,117.0,-5.189651749832265,-0.21736867819691533,-4.754914393438434,,,
951846,35.0,-5.660616305001143,-0.4353833279573644,-4.789849649086414,,,
951856,112.0,-6.329716414779866,-0.12869462195834006,-6.072327170863185,,,
958371,249.0,-6.470053981944282,-0.2636646871353154,-5.942724607673652,,,
958375,2736.0,-4.949630977102386,-0.0887661281563208,-4.772098720789744,,,
958454,1183.0,-4.358904553932069,-0.11161713083109855,-4.135670292269872,,,
958497,46.0,-5.723913133985901,-0.5913402379384445,-4.541232658109012,,,
958498,1441.0,-5.112986375304191,-0.38927418946474984,-4.334437996374691,,,
958499,110.5,-4.779230551965771,-0.20567184063181437,-4.367886870702142,,,
958509,1483.0,-4.294467522121828,-0.07269964831180668,-4.1490682254982145,,,
958534,1962.0,-4.752148239777674,-0.11842570367962252,-4.5152968324184295,,,
958540,4127.0,-4.704134176275977,-0.09204506804408968,-4.5200440401877975,,,
958553,174.0,-4.683391519788881,-0.09411981959449019,-4.4951518805999005,,,
958554,583.0,-5.717484518228198,-0.29450136986610953,-5.128481778495979,,,
958589,35.0,-4.592816327084663,-0.11163114644807634,-4.369554034188511,,,
958590,374.0,-4.909647847409314,-0.13227973185705078,-4.645088383695212,,,
958596,207.0,-4.940978721626161,-0.11384915375019787,-4.713280414125765,,,
958603,1103.0,-5.430816670293049,-0.10818476523427867,-5.214447139824491,,,
958622,224.0,-5.057455401237158,-0.1369689782088885,-4.783517444819381,,,
958721,57.0,-5.5938523259003725,-0.3804845028661202,-4.832883320168132,,,
958725,3758.0,-4.616244100548484,-0.11783480874444385,-4.380574483059597,,,
958729,4368.0,-4.779266309242806,-0.13916240753683518,-4.500941494169136,,,
958736,2439.0,-5.143563702312695,-0.16321866057026319,-4.817126381172169,,,
958739,145.0,-4.516950322515144,-0.11162525516490233,-4.29369981218534,,,
965605,1211.6666666666667,-6.722830203005379,-0.27596962658102947,-6.1708909498433195,,,
965606,430.6666666666667,-6.722830203005379,-0.27596962658102947,-6.1708909498433195,,,
969933,383.0,-3.901269941211309,-0.09297001208264083,-3.715329917046027,,,
969938,1142.0,-4.273006454607093,-0.05060270574120638,-4.17180104312468,,,
970043,636.0,-5.501610219304409,-0.4445983250869848,-4.612413569130439,,,
970103,786.0,-4.2249178536162555,-0.09766480669200933,-4.029588240232237,,,
970117,1786.0,-4.37056622504713,-0.06369081958598784,-4.243184585875155,,,
970139,1011.0,-5.040289596919411,-0.1684342461120351,-4.703421104695341,,,
970159,1772.0,-4.264872657468509,-0.05943279725240821,-4.146007062963693,,,
970162,470.0,-4.706921443402344,-0.06039331291275926,-4.586134817576825,,,
970189,353.0,-4.774443414944844,-0.10384903384452818,-4.566745347255787,,,
970211,301.0,-4.7301135685091245,-0.11969000102245127,-4.490733566464222,,,
970212,1714.0,-4.8070758732293495,-0.14019436861921272,-4.526687135990924,,,
970249,1724.0,-3.964012875584701,-0.07968244497675278,-3.8046479856311954,,,
970527,182.0,-4.478897373310586,-0.09041597095690594,-4.298065431396774,,,
970545,836.0,-5.19357586057767,-0.12778921988425496,-4.937997420809159,,,
970546,1248.0,-4.083785509086914,-0.08973379029238278,-3.9043179285021483,,,
970547,878.0,-4.590658016162132,-0.16743790819566526,-4.255782199770802,,,
970548,1607.0,-5.6285422985331115,-0.08223438530195519,-5.464073527929201,,,
975591,62.0,-6.023925956128114,-0.1275812240159734,-5.768763508096167,,-1.753651748421824,-1.782202411008108
975592,786.0,-4.603050478497324,-0.06049996343524607,-4.482050551626832,,-1.244841480045953,-2.1861157518501746
975593,429.0,-4.187849079259358,-0.012762592338695113,-4.162323894581968,,,
975600,334.0,-5.14825139487153,-0.16482968269317563,-4.818592029485179,,,-2.419824166843811
975605,67.0,-5.346656081754295,-0.1808372764691111,-4.984981528816073,,-2.288674638341707,-3.019692620616871
975611,640.0,-4.248011276678179,-0.08775119783997483,-4.072508880998229,,-2.262283975324169,-2.4016398756260617
975612,47.0,-6.908190880237757,-0.10440573271741106,-6.699379414802935,-1.753651748421824,,-2.681750449542865
975613,60.0,-4.835504340396923,-0.1763726271958203,-4.482759086005283,-1.995430405024465,,-2.459613233330942
975615,207.0,-4.988295355835798,-0.23799562016708045,-4.512304115501637,-2.7827587985480102,,-2.159795130648012
975616,69.0,-6.339443866399593,-0.10077062503599096,-6.137902616327612,,,
975617,65.0,-5.287912963991716,-0.13326302976213264,-5.021386904467451,,,-2.258355720215834
975674,134.0,-4.700397716678605,-0.12342291295330163,-4.453551890772002,-2.492915019007981,-2.3576957759766066,-2.795959866653766
975704,33.0,-5.276482209453139,-0.1026372985023889,-5.071207612448362,-2.288674638341707,,-2.6988793689107258
975718,1717.0,-4.76864802716281,-0.10050673877513441,-4.567634549612541,-2.5051103210028733,-2.775804195635348,-3.1171958390042644
975735,46.0,-5.442114398396183,-0.271385411457171,-4.899343575481841,-2.262283975324169,,-1.8189662170254057
975736,46.0,-6.520483915375511,-0.09658429310395795,-6.327315329167595,-2.288674638341707,,-1.4002986041105283
975738,43.0,-5.200945405908689,-0.2311291336565276,-4.738687138595633,-2.5051103210028733,,-2.1607700022550094
975742,152.0,-5.541050756751186,-0.13106296924214633,-5.278924818266894,-2.775804195635348,-1.244841480045953,-2.3944813554574895
975743,119.0,-4.759592227323146,-0.17642696961620366,-4.406738288090739,-1.753651748421824,-1.5362731354634498,-2.1192812169021726
978783,39.0,-5.531186880424875,-0.19510958106033235,-5.140967718304211,,,
982034,13172.0,-6.722830203005379,-0.27596962658102947,-6.1708909498433195,,,
985299,325.3333333333333,-13.915764013312224,-0.5187690984845523,-12.878225816343118,,,
985303,38.333333333333336,-13.915764013312224,-0.5187690984845523,-12.878225816343118,,,
985307,57.0,-7.637976631251593,-0.6117202222168701,-6.414536186817854,,,
985311,71.0,-7.637976631251593,-0.6117202222168701,-6.414536186817854,,,
994282,76.0,-5.970513723177099,-0.09691996991997735,-5.776673783337144,,,
994283,216.0,-5.741587445575088,-0.43204311530279543,-4.877501214969497,,,-2.7630621654706555
994284,41.0,-5.8055491146628695,-0.24627714316816077,-5.312994828326548,,,-2.2353007348284484
994285,400.0,-4.768305197682756,-0.14031227980930716,-4.487680638064142,,,
994950,29.4,-5.305129257039312,-0.12362587883110367,-5.0578774993771045,-3.480275705367359,-2.574986869741726,-3.5532140627359947
1012795,1029.0,-3.99000769803157,-0.08120829270504407,-3.827591112621482,,,
1012821,1189.0,-5.332705226040987,-0.3745633269096351,-4.583578572221716,,,
1012884,1523.0,-4.331799661306825,-0.06679672225251014,-4.198206216801804,,,
1014095,832.0,-6.239756479591419,-0.20172680108315516,-5.8363028774251084,,0.0,
1014393,666.0,-4.771254592704997,-0.1319943706629683,-4.50726585137906,,,
1014394,117.0,-4.8070758732293495,-0.14019436861921272,-4.526687135990924,,,
1014834,597.5,-4.771254592704997,-0.1319943706629683,-4.50726585137906,,,
1015716,230.0,-4.771254592704997,-0.1319943706629683,-4.50726585137906,,0.0,
1054937,779.0,-4.594256248499878,-0.10406171387101816,-4.386132820757842,,,
1062007,1051.0,-4.396367239125922,-0.1264583735986783,-4.143450491928566,,,
1062008,836.0,-4.4473681795562445,-0.13455325777573254,-4.178261664004779,,,
1062010,105.0,-4.53346985348183,-0.1480884923475552,-4.23729286878672,,,
1062034,623.0,-4.472894077220315,-0.20623519282005284,-4.060423691580209,,,
1062044,2279.0,-4.277127317605983,-0.08648835372946266,-4.104150610147058,,,
1062247,123.0,-5.130479917935791,-0.21309808042743758,-4.7042837570809155,,,
1062385,3206.0,-4.612230068084353,-0.0710515280862525,-4.470127011911847,,,
1062397,1455.0,-4.037130273099811,-0.06403173290310804,-3.909066807293595,,,
1062413,76.5,-4.338544860122454,-0.06670034819090483,-4.205144163740644,,,
1062425,612.0,-4.982152639154832,-0.32738440897426474,-4.327383821206303,,,
1062428,106.0,-4.265731021528796,-0.08024929109548515,-4.105232439337826,,,
1062545,74.0,-4.2743919840499425,-0.08402518724435099,-4.10634160956124,,,
1062580,220.0,-5.315854441964552,-0.14393554689869756,-5.027983348167157,,,
1062641,77.0,-4.240712840248243,-0.09368031726740916,-4.053352205713424,,,
1062668,537.0,-5.515457815389098,-0.09528356201077351,-5.324890691367551,,,
1062669,61.0,-5.539231490092856,-0.09813376710047934,-5.342963955891897,,,
1062724,999.0,-5.758407065525648,-0.20296093137798144,-5.352485202769685,,,
1062802,153.0,-4.4954588564109175,-0.26910939487647084,-3.9572400666579757,,,
1062835,120.0,-4.9252503429358905,-0.22919818223622337,-4.466853978463444,,,
1062838,178.0,-5.441852394006293,-0.37894285870361705,-4.683966676599059,,,
1062840,38.0,-6.28824514509964,-0.38294739782299625,-5.522350349453648,,,
1062857,66.0,-4.351636763909184,-0.12119997332968462,-4.109236817249815,,,
1062891,64.0,-5.159091078414924,-0.22951664391892473,-4.700057790577075,,,
1062903,220.0,-4.182506140777945,-0.07127872063867445,-4.039948699500596,,,
1062907,2055.0,-4.0970902515710454,-0.032256711397839574,-4.032576828775366,,,
1062937,100.0,-4.820063668019626,-0.1148427256358561,-4.590378216747913,,,
1063032,452.0,-4.308087026465661,-0.1118281488937,-4.084430728678261,,,
1063035,97.0,-5.12443035877459,-0.45278373222323814,-4.2188628943281135,,,
1063037,99.0,-5.148273196964325,-0.4316488657684791,-4.284975465427367,,,
1063038,480.0,-5.142925885604464,-0.4301321228582894,-4.282661639887886,,,
1063058,1173.0,-5.586203726835512,-0.049686558263669044,-5.486830610308174,,,
1063097,1239.0,-4.443458317755001,-0.04939287383075974,-4.344672570093481,,,
1063101,48.0,-5.104043927250014,-0.3896808071986171,-4.32468231285278,,,
1063158,37.0,-5.292215228344508,-0.23262685305273936,-4.82696152223903,,,
1063248,103.0,-5.394615001567092,-0.26300029539010145,-4.868614410786889,,,
1063268,50.0,-5.477045768203365,-0.246547562392106,-4.983950643419154,,,
1063320,69.0,-3.348430304444803,-0.09312994684301079,-3.1621704107587814,,,
1063649,48.0,-5.65192737026473,-0.5160077676376087,-4.619911834989512,,,
1063650,59.0,-5.59650670480656,-0.4963777553941974,-4.603751194018166,,,
1063653,3499.0,-4.6908728633779795,-0.2907870429062553,-4.109298777565469,,,
1063655,52.0,-4.843555112655745,-0.5467357696518884,-3.7500835733519677,,,
1063734,97.0,-5.543054212334205,-0.2035245170981718,-5.136005178137862,,,
1063735,1440.0,-4.9412230832745685,-0.12751818009886273,-4.686186723076843,,,
1063744,308.0,-5.447335739242294,-0.1925628313091213,-5.062210076624051,,,
1063910,371.0,-4.550350539465573,-0.22046381598549059,-4.109422907494592,,,
1063946,1136.0,-3.914639354498248,-0.03269506954233949,-3.8492492154135687,,,
1063963,2918.0,-4.605574468520924,-0.18161211191652926,-4.242350244687866,,,
1063981,767.0,-3.7441346618521183,-0.0151710613755209,-3.7137925391010764,,,
1063984,1382.0,-4.414809699222726,-0.09692085188094952,-4.220967995460827,,,
1064060,3034.0,-4.711293711697244,-0.24319975257435147,-4.224894206548541,,,
1064096,31.0,-5.4629740153121675,-0.1471332737328033,-5.168707467846561,,,
1064313,107.0,-4.622710038829839,-0.10955015527500829,-4.4036097282798226,,,
1074461,1563.0,-5.457515620650323,-0.27982640684802984,-4.897862806954263,,,
1074755,88.0,-6.02665527726606,-0.07611280623800627,-5.874429664790047,,,
1075395,38.0,-5.149671671896803,-0.2222759088510435,-4.705119854194716,,,
1076186,74.0,-4.901208920363917,-0.20916776599872267,-4.482873388366472,,,
1076187,57.0,-5.0863606809621364,-0.26790424995498824,-4.55055218105216,,,
1076453,56.0,-6.531906398122581,-0.5359208315904049,-5.4600647349417715,,,
1076481,71.0,-4.60256631093252,-0.1225965677494554,-4.357373175433609,,,
1089870,313.0,-5.506803359899248,-0.3898425691681761,-4.727118221562896,,,
1095404,1282.0,-12.961228208192153,-0.8082266280296605,-11.344774952132832,-12.961228208192153,-12.961228208192153,-13.388429216050497
1095515,1041.0,-12.147467582029915,-1.3393588123054887,-9.468749957418938,-12.147467582029915,-12.147467582029915,-12.574668589888256
1095632,92.0,-14.36969668332253,-0.38392492853790006,-13.60184682624673,-14.36969668332253,-14.36969668332253,-14.796897691180874
1097037,73.0,-5.150394850399001,-0.28285572269697895,-4.584683405005044,,,
1097224,39.0,-5.09505855515947,-0.12921386558016412,-4.836630823999142,,,
1132933,31.0,,0.0,,,,
1132951,183.0,-7.421170543924533,-0.7452962089455587,-5.930578126033415,,,
1133066,28.0,-6.519440360540092,-0.763944405345768,-4.991551549848556,,,
1133201,127.0,-7.21727809073642,-0.48186618648121077,-6.253545717773998,,,
1133247,38.333333333333336,-5.486012523294988,-0.2037763918197336,-5.078459739655521,,,
1133326,25.0,-6.109817045540125,-1.221331860707667,-3.667153324124791,,,
1133328,21.0,-6.165835829822538,-0.795454414257475,-4.5749270013075884,,,
1133329,60.0,-8.932717854516387,-0.22100841858463954,-8.490701017347108,,,
1133332,55.0,-6.0188625525452615,-0.5762828379179488,-4.866296876709364,,,
1133335,26.0,-5.719630804332863,-0.4741997856053822,-4.771231233122099,,,
1146157,33.0,-4.786438707994526,-0.07291998745827238,-4.640598733077981,,,
1157032,804.6666666666666,-5.376979937694598,-0.18444714605824583,-5.008085645578106,,,
1157034,770.5,-5.328124841880832,-0.0767514954167303,-5.174621851047371,,,
1157048,2247.0,-5.060639572197649,-0.0921563198427239,-4.876326932512201,,,
1157110,1408.0,-6.059554205783611,-0.3385273059318582,-5.382499593919895,,,
1157111,341.0,-6.059554205783611,-0.3385273059318582,-5.382499593919895,,,
1157190,59.5,-5.969945647484661,-0.2193121610908102,-5.53132132530304,,,
1157919,388.5,-4.611260143873084,-0.09370508274066756,-4.423849978391749,,,
1157929,330.0,-5.528413597215238,-0.42889778816310786,-4.670618020889022,,,
1157936,153.0,-5.0778015583454925,-0.2197005457837749,-4.638400466777942,,,
1157958,38.0,-5.269484993342546,-0.46259595529096936,-4.344293082760608,,,
1157970,209.5,-4.997556382372535,-0.143467205544763,-4.710621971283009,,,
1157972,1324.5,-4.648430097737399,-0.07975118830939587,-4.488927721118607,,,
1157974,1443.1666666666667,-4.681678598057991,-0.0671547798325466,-4.547369038392898,,,
1157991,343.0,-6.288660331364115,-0.1345829249260386,-6.019494481512038,,,
1157992,1168.0,-6.284340238496017,-0.14700675006985783,-5.990326738356301,,,
1157993,542.5,-6.2685048035444435,-0.13324919906054217,-6.0020064054233595,,,
1158002,912.0,-4.239838094570096,-0.06380576006808386,-4.112226574433929,,,
1158005,115.0,-4.514424694807355,-0.045065351238109945,-4.424293992331135,,,
1158139,596.8333333333334,-5.225013449582185,-0.12480390457160219,-4.975405640438981,,,
1158161,86.0,-4.56605831235663,-0.10682805384980203,-4.352402204657026,,,
1158162,284.3333333333333,-4.350333619636485,-0.05235465800013174,-4.245624303636221,,,
1158168,3453.6666666666665,-4.583450185479303,-0.24401468034057375,-4.095420824798156,,,
1158491,364.5,-5.061503602848325,-0.0777149685999253,-4.906073665648474,,,
1158492,436.5,-5.012833901121231,-0.06749038371020857,-4.877853133700813,,,
1158614,8358.0,,0.0,,,,
1158615,1699.0,,0.0,,,,
1158810,1589.0,-4.518532964024768,-0.11093708086103887,-4.29665880230269,,,
1158812,3955.5,-5.210889639777703,-0.20204321282129942,-4.806803214135104,,,
1176644,52.0,-3.754908154966723,-0.026237504958395618,-3.7024331450499317,,0.0,0.0
1176648,70.0,-5.278182805787015,-0.09805071178543931,-5.082081382216137,0.0,0.0,0.0
1176653,309.0,-3.754908154966723,-0.026237504958395618,-3.7024331450499317,0.0,0.0,0.0
1182269,42.0,-4.594256248499878,-0.10406171387101816,-4.386132820757842,,,
1182270,47.0,-4.594256248499878,-0.10406171387101816,-4.386132820757842,,,
1182271,23.0,-4.594256248499878,-0.10406171387101816,-4.386132820757842,,,
1182273,31.0,-4.718333035814782,-0.09935520729476154,-4.519622621225259,,,
1182285,32.0,-5.506803359899248,-0.3898425691681761,-4.727118221562896,,,
1182287,57.0,-5.506803359899248,-0.3898425691681761,-4.727118221562896,,,
1194378,1124.0,-4.711649382824232,-0.21353639543617825,-4.2845765919518755,,,-3.748183900931414
1194381,375.0,-4.215754729679241,-0.05899620920614952,-4.097762311266942,-2.6030209528466033,-1.4836597943661012,-2.6225128280464918
1194382,423.0,-4.024143662737572,-0.06884210471158893,-3.886459453314394,,,
1194383,104.0,-4.870298111979348,-0.1206276227716959,-4.629042866435956,-2.8495688594329054,,-2.7674777760774183
1194384,41.0,-5.800130522560399,-0.21196770659373046,-5.376195109372937,-4.131897101430084,,-2.943492224046484
1194385,1501.0,-4.249919450588172,-0.03168611330423129,-4.1865472239797095,-2.9691189484841485,-1.3256947668578334,-2.6800424082050833
1194387,239.0,-2.9432450428047763,-0.017589006208649807,-2.9080670303874765,-2.4152789460809716,,-1.414076785165688
1194388,48.0,-3.201767679196869,-0.012588973447882462,-3.176589732301104,-2.628233934149791,,
1194389,53.0,-4.1632485670699335,-0.05606977608661627,-4.051109014896701,-3.333728484781973,-1.5362731354634498,-2.6438659390585166
1194390,1395.0,-4.588139445736037,-0.09995866182893984,-4.388222122078158,-3.382119812425832,,-2.169449722036314
1194391,40.0,-4.530380557397309,-0.1588619443573797,-4.212656668682549,-3.623803622022508,,-2.9676646555416903
1194392,56.0,-4.318296445048163,-0.08815459139891577,-4.141987262250331,-1.529140289846572,,-1.961273588336079
1194393,39.0,-4.221021892563448,-0.05182692571860793,-4.117368041126232,-1.529140289846572,,
1194394,106.0,-4.5371845701151585,-0.4983165356991569,-3.5405514987168445,-3.4258933894607235,-1.4836597943661012,-2.6613373634462936
1194395,112.0,-4.67459756847278,-0.40043275885659224,-3.873732050759596,-3.3465599160973465,-1.3256947668578334,-2.851090460201275
1194397,836.0,-4.597062805267,-0.16168808168748844,-4.273686641892023,-3.149047845247069,,-3.318341258292967
1194400,1165.0,-3.8728651462527446,-0.033182574317282214,-3.80649999761818,-2.449458524953813,,-1.7153935059546197
1194403,64.0,-4.831170751458435,-0.1523174401428625,-4.52653587117271,-3.5096412491482356,,-2.889858623327375
1194404,82.0,-4.8396393473064885,-0.15730132260180663,-4.5250367021028755,-3.4504256535477773,,-2.884723568714418
1194407,69.0,-5.362919868730551,-0.2754915489148813,-4.811936770900789,,-1.244841480045953,-2.543919551896374
1194408,137.0,-6.315083568955631,-0.24122575089685266,-5.832632067161925,-3.5096412491482356,,-2.889858623327375
1194409,102.0,-6.273229785407906,-0.22612799616248444,-5.8209737930829375,-3.4504256535477773,-2.2741815062128015,-3.372854327545338
1194410,385.0,-3.7808187366518444,-0.04628782048374998,-3.6882430956843444,-3.344214162613975,,-2.405476502220968
1194411,242.0,-5.066052007575022,-0.1527047591468463,-4.76064248928133,,,
1194412,333.0,-5.14310998943062,-0.17683569969567722,-4.789438590039266,-2.629115798136584,-3.4096616511668056,-3.606859741515359
1194413,61.0,-5.272168874155815,-0.2381533196190396,-4.795862234917736,-4.131897101430084,,-3.236496159143499
1194416,107.0,-5.136114795813283,-0.1417481679092162,-4.852618459994851,-4.2728290091791195,,
1194417,672.0,-5.478276365315889,-0.2354707653499206,-5.007334834616048,-3.1163096701411632,-2.288674638341707,-3.252811400929115
1194420,86.0,-5.41186844279822,-0.10033059650190762,-5.2112072497944055,-3.2039891138621908,,-2.0813685456786635
1194421,502.0,-5.133904287416657,-0.04069840757860653,-5.052507472259444,-2.9332474010695093,,-2.4454210312476805
1194423,443.0,-3.6761941578323354,-0.027278591460177654,-3.62163697491198,,,-2.525684175925053
1194424,423.0,-3.145464652720259,-0.029230390215020524,-3.087003872290218,-2.4152789460809716,,-2.1861157518501746
1194425,490.0,-3.881454262026696,-0.08753082574357378,-3.7063926105395484,-2.3320207741450423,,-2.590466226747883
1194426,298.0,-4.928859890878371,-0.17465074956978707,-4.579558391738797,,,-3.8042964982983705
1194427,194.0,-3.154777386400563,-0.02167940159698442,-3.111418583206594,,-1.244841480045953,-1.6643155357813713
1194483,1351.0,-3.8927511303641382,-0.05989073002939869,-3.772969670305341,,,
1194484,6171.0,-3.87243777824253,-0.06287294103942745,-3.746691896163675,,,
1194486,115.0,-4.408532048869804,-0.14798396754644405,-4.112564113776916,,,
1194487,3998.0,-3.840115864726228,-0.03720660053151851,-3.7657026636631907,,,
1194488,46.0,-4.99101615166588,-0.2079596792841486,-4.5750967930975825,,,
1194489,38.0,-5.485892125412364,-0.23762990185558666,-5.01063232170119,,,
1194490,62.0,-3.968460217225854,-0.19653989851815581,-3.5753804201895423,,,
1194491,77.0,-3.3731398382252853,-0.010273457186641678,-3.352592923852002,,,
1194492,26.0,-3.539124205327604,-0.03401092798811286,-3.471102349351378,,,
1194493,141.0,-3.7178337549065232,-0.02829530732744103,-3.661243140251641,,,
1194494,3189.0,-4.253361975731602,-0.0564003949195274,-4.1405611858925475,,,
1194495,3311.0,-4.495552708224004,-0.08326346335798196,-4.32902578150804,,,
1194496,3491.0,-4.184874726020973,-0.21614695954786795,-3.752580806925237,,,
1194497,3724.0,-4.43305173554287,-0.1821015407365672,-4.068848654069735,,,
1194498,251.0,-4.402455530660671,-0.09685132400311315,-4.208752882654444,,,
1194499,464.0,-4.077471035176818,-0.0316315295920117,-4.014207975992795,,,
1194500,52.0,-4.0371255204309815,-0.015073818391950728,-4.00697788364708,,,
1194501,30.0,-4.221021892563448,-0.05182692571860793,-4.117368041126232,,,
1194502,30.0,-4.221021892563448,-0.05182692571860793,-4.117368041126232,,,
1194503,38.0,-4.5416984120735755,-0.29294401656847746,-3.9558103789366204,,,
1194504,53.0,-4.402394850261568,-0.2877871165208136,-3.8268206172199406,,,
1194506,96.0,-4.840845601491408,-0.5928995206585554,-3.6550465601742967,,,
1194507,198.0,-3.5601188942189053,-0.01195284091645734,-3.5362132123859906,,,
1194510,505.0,-3.871678845242645,-0.03875992012746506,-3.7941590049877147,,,
1194512,5902.0,-3.7782996323864464,-0.022271303445884738,-3.733757025494677,,,
1194513,112.0,-3.8817325023079494,-0.028419343894326595,-3.8248938145192963,,,
1194515,116.0,-4.753394461842337,-0.13686151217286222,-4.479671437496613,,,
1194516,47.0,-4.988343598743243,-0.19090357774636948,-4.606536443250504,,,
1194517,102.0,-5.306744452488757,-0.2523709301650374,-4.802002592158682,,,
1194518,83.0,-5.246141634987637,-0.22800315957502013,-4.790135315837597,,,
1194519,32.0,-5.505623044962965,-0.2680653943756646,-4.969492256211636,,,
1198439,210.0,-4.667252837583993,-0.12383015279923155,-4.41959253198553,,,
1198440,121.0,-4.765691220773874,-0.15720255920295506,-4.451286102367964,,,
1198872,192.0,-4.699008488671827,-0.14160141364468132,-4.415805661382464,,,
1205407,123.0,-3.754908154966723,-0.026237504958395618,-3.7024331450499317,,0.0,0.0
1205408,64.0,-5.278182805787015,-0.09805071178543931,-5.082081382216137,0.0,0.0,0.0
1205410,161.0,-3.754908154966723,-0.026237504958395618,-3.7024331450499317,0.0,0.0,0.0
1215458,37.0,-7.120415676786011,-1.3130885806933956,-4.4942385153992195,,,
1215459,34.0,-7.120415676786011,-1.3130885806933956,-4.4942385153992195,,,
1215460,36.0,-7.120415676786011,-1.3130885806933956,-4.4942385153992195,,,
1215461,4013.0,-7.120415676786011,-1.3130885806933956,-4.4942385153992195,,,
1215462,1848.5,-7.120415676786011,-1.3130885806933956,-4.4942385153992195,,,
1231463,132.0,-4.713164604917476,-0.1259932645191196,-4.4611780758792365,,,
1232754,21.0,-5.3489540462782434,-0.09943291964691749,-5.1500882069844085,,,
1232844,87.0,-5.3024300504787885,-0.05230211085757453,-5.197825828763639,,,
1232845,162.0,-5.262645928629407,-0.03991979268999178,-5.182806343249424,,,
1232846,1391.0,-5.262645928629407,-0.03991979268999178,-5.182806343249424,,,
1233100,46.0,-5.596896280034616,-0.4916624773564482,-4.61357132532172,,,
1233104,151.0,-6.056958600909702,-0.20173272317265148,-5.6534931545644,,,
1233105,36.0,-6.096575675306545,-0.24224388451853499,-5.612087906269475,,,
1233144,967.0,-3.4687676706256716,-0.05319617580635011,-3.3623753190129713,,,
1233279,30.0,-5.802502123535249,-0.14816163285984793,-5.506178857815553,,,
1241470,1318.0,-5.412407835759878,-0.15834837298398888,-5.095711089791901,,,
1242446,55.0,-4.424824485809546,-0.2576209009418337,-3.909582683925878,,,
1242447,24.0,-4.781217186520348,-0.3217661358799229,-4.137684914760502,,,
1242482,1915.0,-4.069228594360744,-0.08974514072129822,-3.8897383129181473,,,
1242484,83.0,-3.9078856549579024,-0.06370317851150147,-3.7804792979348996,,,
1242538,36.0,-5.776573889429203,-0.11176381673244508,-5.553046255964313,,,
1242543,134.0,-6.133830074907801,-0.15399266062023706,-5.825844753667328,,,
1242546,57.0,-6.056958600909702,-0.20173272317265148,-5.6534931545644,,,
1242547,192.0,-6.036069433479718,-0.14192699061174302,-5.752215452256232,,,
1242553,1085.0,-5.136147557998197,-0.40722297462158236,-4.321701608755032,,,
1242579,36.0,-4.462214562020401,-0.12387731391807529,-4.214459934184251,,,
1242601,117.0,-4.8505985459996515,-0.07327289952999474,-4.704052746939662,,,
1242624,1615.0,-3.9062496574338574,-0.02365586025873122,-3.858937936916395,,,
1242633,175.0,-4.175992326643216,-0.07772465238611971,-4.020543021870977,,,
1242698,906.0,,0.0,,,,
1242928,94.0,-4.333913316309736,-0.09451563403067219,-4.144882048248391,,,
1242929,132.0,-4.458535124350636,-0.11725908353742742,-4.224016957275781,,,
1244114,9092.0,-7.120415676786011,-1.3130885806933956,-4.4942385153992195,,,
1244461,2555.5,-7.120415676786011,-1.3130885806933956,-4.4942385153992195,,,
1244462,908.5,-7.120415676786011,-1.3130885806933956,-4.4942385153992195,,,
1247569,1202.5,-7.495806949042128,-0.6966857997482723,-6.102435349545583,,,
1247570,450.5,-7.495806949042128,-0.6966857997482723,-6.102435349545583,,,
1247571,5649.0,-5.774423286411599,-0.3982026338928252,-4.978018018625948,,,
1247572,178.0,-5.774423286411599,-0.3982026338928252,-4.978018018625948,,,
1247573,10362.0,-9.324013744709163,-0.6138543236242908,-8.096305097460581,,,
1247574,154.5,-9.124048373604436,-0.15131195134779127,-8.821424470908854,,,
1247575,1227.0,-8.948510793946896,-0.5983572303556888,-7.751796333235519,,,
1247576,55.0,-8.948510793946896,-0.5983572303556888,-7.751796333235519,,,
1247577,1247.0,-6.796772303423274,-1.029389715246287,-4.7379928729307,,,
1247578,32.0,-6.796772303423274,-1.029389715246287,-4.7379928729307,,,
1247579,859.5,,0.0,,,,
1247580,130.0,,0.0,,,,
1251684,31.0,,0.0,,,,
1263229,54.0,-7.5687584902572285,-0.20740289092228545,-7.153952708412658,,,
1263254,31.0,-5.474559290446836,-0.24212136990750097,-4.990316550631833,,,
1263256,44.0,-5.36021855643523,-0.13094833506245682,-5.098321886310316,,,
1263258,82.0,-5.185110329998801,-0.1981770488173486,-4.788756232364103,,,
1263259,25.0,-5.726029364708677,-0.12241927420487457,-5.481190816298928,,,
1263261,56.0,-4.260882670490596,-0.07620491528057927,-4.108472839929437,,,
1263271,37.0,-6.343405635135638,-0.5176561979452787,-5.30809323924508,,,
1263272,38.0,-4.890808924779468,-0.20347188230939123,-4.483865160160685,,,
1263275,42.0,-5.867381888701879,-0.49969356723984315,-4.867994754222193,,,
1263277,42.0,-5.861596833243248,-0.6057005933462112,-4.650195646550825,,,
1263280,36.0,-5.737689396992833,-0.4080853158690763,-4.92151876525468,,,
1263281,24.0,-6.3770483414587655,-0.19458548524910468,-5.987877370960556,,,
1263282,89.0,-4.984600989238122,-0.14469962159857383,-4.695201746040975,,,
1263304,50.0,-5.547194926451449,-0.3734527952305318,-4.800289335990385,,,
1263305,92.0,-6.0905987257491665,-0.3665040047890891,-5.357590716170988,,,
1263308,33.0,-5.347968741197769,-0.1162382242454122,-5.115492292706945,,,
1263312,50.0,-5.6585173728197375,-0.18251611907451518,-5.293485134670707,,,
1263317,39.0,-5.595992085650311,-0.13183103143307595,-5.332330022784159,,,
1263332,84.0,-7.01892012087679,-0.22536072045333172,-6.568198679970126,,,
1263334,28.0,-5.347456958687395,-0.22863221468940462,-4.890192529308585,,,
1263362,139.0,-5.4358145523596795,-0.24269206943833943,-4.950430413483001,,,
1263363,74.0,-5.550065902067448,-0.10132182437396105,-5.347422253319526,,,
1263365,26.0,-5.201456698857303,-0.20133255844553036,-4.798791581966242,,,
1263368,27.0,-5.197928412352067,-0.3922674059796165,-4.413393600392834,,,
1263369,33.0,-5.504895221535079,-0.1954371144288054,-5.114020992677467,,,
1263370,52.0,-4.220847697814334,-0.0639960608396238,-4.092855576135086,,,
1263378,35.0,-6.4901376187127395,-0.4306350888248251,-5.62886744106309,,,
1263380,40.0,-5.3260882381958705,-0.36262225497651585,-4.600843728242839,,,
1263381,70.0,-5.580655303126416,-0.1907206472530034,-5.199214008620409,,,
1263382,45.0,-5.190564817871557,-0.22416865471802996,-4.742227508435497,,,
1263384,23.0,-5.49654358651631,-0.1403882015351943,-5.215767183445921,,,
1263385,33.0,-5.329117877044788,-0.22077280410986191,-4.887572268825064,,,
1263386,106.0,-5.780879392604078,-0.2233031170242551,-5.334273158555567,,,
1263390,25.0,-4.822799015896739,-0.2820500076786572,-4.2586990005394245,,,
1263400,21.0,-5.607144088514481,-0.5219320371767696,-4.5632800141609415,,,
1263768,13.0,-6.472873675810689,-0.15891487321593964,-6.1550439293788095,,,
1263770,35.0,-5.614334735558783,-0.44987246971949596,-4.714589796119792,,,
1263771,55.0,-5.450365814640751,-0.2374315860259547,-4.975502642588841,,,
1263776,4630.5,-6.9084998484268745,-0.9971219109403353,-4.914256026546203,,,
1263777,58.0,-6.9084998484268745,-0.9971219109403353,-4.914256026546203,,,
1269430,10.0,-7.2029301136492565,-1.3186905180089208,-4.565549077631415,,,
1269431,52.0,-7.457851211177161,-1.3214260233969732,-4.814999164383215,,,
1270730,31.0,-12.239867689128248,-0.13541691261583982,-11.969033863896568,-2.262283975324169,,-1.9813694961183512
1270731,22.0,-14.46207798088954,-0.09530432049552254,-14.271469339898495,-2.3576957759766066,-2.0969941147827837,-1.760249645616731
1270732,34.0,-5.184985160892952,-0.23362970442306225,-4.717725752046827,,,
1270733,22.0,-5.175301275733159,-0.31764378342431376,-4.540013708884532,,,
1270734,13.0,-5.184985160892952,-0.23362970442306225,-4.717725752046827,,,
1270736,17.0,-5.486012523294988,-0.2037763918197336,-5.078459739655521,,,
1270738,29.0,-4.673582060667278,-0.22231661812152403,-4.22894882442423,,,
1270739,10.0,-4.13188339346044,-0.17710781987389124,-3.7776677537126577,,,
1270740,21.0,-4.673582060667278,-0.22231661812152403,-4.22894882442423,,,
1280765,29.0,-6.862041514735757,-0.35747335545432735,-6.147094803827102,,,
1280766,61.0,-6.862041514735757,-0.35747335545432735,-6.147094803827102,,,
1280767,79.0,-6.862041514735757,-0.35747335545432735,-6.147094803827102,,,
1280768,39.0,-6.862041514735757,-0.35747335545432735,-6.147094803827102,,,
1280769,55.0,-6.862041514735757,-0.35747335545432735,-6.147094803827102,,,
1280774,37.0,-5.472602776851383,-0.19296537507503592,-5.0866720267013115,,,
1280775,153.0,-6.0188625525452615,-0.5762828379179488,-4.866296876709364,,,
1280776,24.0,-9.324013744709163,-0.6138543236242908,-8.096305097460581,,,
1280778,29.0,-7.21727809073642,-0.48186618648121077,-6.253545717773998,,,
1280779,61.0,-7.21727809073642,-0.48186618648121077,-6.253545717773998,,,
1280783,48.0,-5.472602776851383,-0.19296537507503592,-5.0866720267013115,,,
1280784,260.0,-6.0188625525452615,-0.5762828379179488,-4.866296876709364,,,
1280785,92.0,-9.324013744709163,-0.6138543236242908,-8.096305097460581,,,
1280787,62.0,-6.796772303423274,-1.029389715246287,-4.7379928729307,,,
1280789,79.0,-7.21727809073642,-0.48186618648121077,-6.253545717773998,,,
1280793,351.0,-5.472602776851383,-0.19296537507503592,-5.0866720267013115,,,
1280794,358.0,-6.0188625525452615,-0.5762828379179488,-4.866296876709364,,,
1280795,27.0,-9.324013744709163,-0.6138543236242908,-8.096305097460581,,,
1280797,22.0,-6.796772303423274,-1.029389715246287,-4.7379928729307,,,
1280798,39.0,-7.21727809073642,-0.48186618648121077,-6.253545717773998,,,
1280803,122.0,-6.0188625525452615,-0.5762828379179488,-4.866296876709364,,,
1280804,36.0,-9.324013744709163,-0.6138543236242908,-8.096305097460581,,,
1280810,26.0,-9.324013744709163,-0.6138543236242908,-8.096305097460581,,,
1281804,55.0,-7.21727809073642,-0.48186618648121077,-6.253545717773998,,,
1281809,56.0,-6.0188625525452615,-0.5762828379179488,-4.866296876709364,,,
1299684,47.0,-6.036069433479718,-0.14192699061174302,-5.752215452256232,,,
1299773,66.0,-5.262645928629407,-0.03991979268999178,-5.182806343249424,,,
1299805,366.0,-4.8505985459996515,-0.07327289952999474,-4.704052746939662,,,
1299941,954.0,-6.063538156514175,-0.16126838019848147,-5.741001396117213,,,
1300266,5614.0,-6.333522200566282,-0.21161553543875036,-5.9102911296887815,,0.0,
1300441,258.0,-6.036069433479718,-0.14192699061174302,-5.752215452256232,,0.0,
1300539,1386.0,-5.262645928629407,-0.03991979268999178,-5.182806343249424,,0.0,
1300572,3076.0,-4.680476928506176,-0.06652353834781737,-4.5474298518105405,,0.0,
1300578,137.0,-4.8505985459996515,-0.07327289952999474,-4.704052746939662,,0.0,
1300897,55.0,-6.036069433479718,-0.14192699061174302,-5.752215452256232,,,
1300984,295.0,-5.262645928629407,-0.03991979268999178,-5.182806343249424,,,
1301108,394.0,-5.566927329132551,-0.06775862611197242,-5.431410076908606,,,
1304745,31.0,-4.781217186520348,-0.3217661358799229,-4.137684914760502,,,
1304758,4656.0,-4.1849061666606175,-0.06945230800992659,-4.0460015506407645,,,
1304882,1931.0,-5.138021730935733,-0.11114357227245936,-4.915734586390814,,,
1304883,203.0,-4.239838094570096,-0.06380576006808386,-4.112226574433929,,,
1304884,33.0,-4.9222991613556815,-0.16176326901257626,-4.598772623330529,,,
1304885,98.0,-4.635806499876724,-0.06116704103341239,-4.513472417809899,,,
1304888,59.0,-4.5145651605568125,-0.0755463643467685,-4.363472431863276,,,
1304889,57.0,-4.611260143873084,-0.09370508274066756,-4.423849978391749,,,
1304890,33.0,-4.997556382372535,-0.143467205544763,-4.710621971283009,,,
1304893,52.0,-5.321993143357246,-0.17977155402747247,-4.962450035302301,,,
1304895,35.0,-5.1050095698519025,-0.19763145055689335,-4.7097466687381155,,,
1304898,310.0,-4.251451596536637,-0.045916006786156593,-4.159619582964324,,,
1304899,66.0,-4.929407475074856,-0.056505999844849414,-4.816395475385157,,,
1304900,61.0,-4.975132885024319,-0.06484423683222505,-4.845444411359869,,,
1304901,1790.0,-4.391897565456987,-0.21313837349389034,-3.9656208184692066,,,
1304903,194.0,-6.2685048035444435,-0.13324919906054217,-6.0020064054233595,,,
1304906,59.0,-5.0778015583454925,-0.2197005457837749,-4.638400466777942,,,
1306441,2371.0,-6.862041514735757,-0.35747335545432735,-6.147094803827102,,,
1306442,37.0,-6.862041514735757,-0.35747335545432735,-6.147094803827102,,,
1306443,30.0,-6.862041514735757,-0.35747335545432735,-6.147094803827102,,,
1306444,38.0,-6.862041514735757,-0.35747335545432735,-6.147094803827102,,,
1306445,51.0,-5.516651651495655,-0.36877682592297506,-4.779097999649705,,,
1306446,1555.0,-6.0188625525452615,-0.5762828379179488,-4.866296876709364,,,
1306447,53.0,-6.0188625525452615,-0.5762828379179488,-4.866296876709364,,,
1306448,43.0,-6.0188625525452615,-0.5762828379179488,-4.866296876709364,,,
1306449,43.0,-6.0188625525452615,-0.5762828379179488,-4.866296876709364,,,
1306450,1058.0,-9.324013744709163,-0.6138543236242908,-8.096305097460581,,,
1306451,34.0,-9.124048373604436,-0.15131195134779127,-8.821424470908854,,,
1306452,25.0,-9.324013744709163,-0.6138543236242908,-8.096305097460581,,,
1306453,23.0,-9.324013744709163,-0.6138543236242908,-8.096305097460581,,,
1306456,31.5,-7.120415676786011,-1.3130885806933956,-4.4942385153992195,,,
1306760,226.0,-5.401727991097295,-0.34893126412658254,-4.70386546284413,,,
1308544,8280.5,-7.637976631251593,-0.6117202222168701,-6.414536186817854,,,
1308545,24695.0,-6.862041514735757,-0.35747335545432735,-6.147094803827102,,,
1309002,64.0,-7.637976631251593,-0.6117202222168701,-6.414536186817854,,,
1309073,78.0,-7.412574914782405,-0.35682016829334917,-6.698934578195706,,,
1310535,32.0,-6.598236137723614,-1.3225463840471798,-3.953143369629254,-6.598236137723614,-6.598236137723614,-7.025437145581958
1371966,31.0,-5.943357358051263,-0.4214900532101463,-5.10037725163097,-5.943357358051263,-5.943357358051263,-6.3705583659096074
1371968,26.0,-6.141119931007697,-0.3060631082631037,-5.52899371448149,-6.141119931007697,-6.141119931007697,-6.568320938866042
1371969,28.0,-5.814888199166977,-0.2862642295082979,-5.242359740150381,-5.814888199166977,-5.814888199166977,-6.242089207025321
1371970,277.0,-6.826183585401358,-0.7578825951897274,-5.3104183950219035,-6.826183585401358,-6.826183585401358,-7.253384593259701
1371971,41.0,-6.874090103334412,-0.3576258112129126,-6.158838480908587,-6.874090103334412,-6.874090103334412,-7.301291111192756
1371972,810.0,-5.9787032013141514,-0.39024506134801035,-5.198213078618131,-5.9787032013141514,-5.9787032013141514,-6.405904209172495
1371973,50.0,-5.421275852325478,-0.20796758999832637,-5.005340672328826,-5.421275852325478,-5.421275852325478,-5.848476860183823
1371974,60.0,-8.332118560074855,-1.1281216225834951,-6.075875314907865,-8.332118560074855,-8.332118560074855,-8.759319567933199
1371976,32.0,-5.630521248013869,-0.19713821913123,-5.236244809751409,-5.630521248013869,-5.630521248013869,-6.057722255872213
1371978,51.0,-4.913199819124446,-0.17458480305657176,-4.564030213011303,-4.913199819124446,-4.913199819124446,-5.3404008269827905
1371979,32.0,-6.132570353443272,-0.6403470731192898,-4.851876207204692,-6.132570353443272,-6.132570353443272,-6.559771361301616
1371981,26.0,-6.253486950261911,-0.516459844758734,-5.220567260744443,-6.253486950261911,-6.253486950261911,-6.680687958120255
1373086,39.0,-6.274798852281164,-0.8887001859564383,-4.497398480368288,-6.274798852281164,-6.274798852281164,-6.701999860139509
1373087,31.0,-5.599415838767622,-0.26987962918437425,-5.059656580398873,-5.599415838767622,-5.599415838767622,-6.026616846625966
1373089,107.0,-6.162144196369621,-0.19291146346728172,-5.776321269435057,-6.162144196369621,-6.162144196369621,-6.589345204227965
1373090,27.0,-7.049126767245498,-1.3118283817757785,-4.42547000369394,-7.049126767245498,-7.049126767245498,-7.476327775103842
1373094,687.0,-6.099500214265251,-0.4426862171916415,-5.214127779881968,-6.099500214265251,-6.099500214265251,-6.526701222123594
1373096,57.0,-6.151645608745233,-0.1856904147242363,-5.78026477929676,-6.151645608745233,-6.151645608745233,-6.578846616603577
1373097,67.0,-5.6052765052789155,-0.41854045104105553,-4.768195603196805,-5.6052765052789155,-5.6052765052789155,-6.032477513137259
1373098,67.0,-8.442931566800107,-1.1226144088582288,-6.19770274908365,-8.442931566800107,-8.442931566800107,-8.87013257465845
1373099,43.0,-9.885070363300724,-0.5878954772789016,-8.70927940874292,-9.885070363300724,-9.885070363300724,-10.312271371159067
1373100,373.0,-5.465823807022421,-0.25289554902940176,-4.960032708963618,-5.465823807022421,-5.465823807022421,-5.893024814880765
1373101,153.0,-10.20953319266365,-0.2644721069798408,-9.68058897870397,-10.20953319266365,-10.20953319266365,-10.636734200521994
1385838,104.0,-5.652478168296505,-0.21050860494275367,-5.231460958410998,,,
1385839,64.0,-5.652478168296505,-0.21050860494275367,-5.231460958410998,,,
1385840,81.0,-5.652478168296505,-0.21050860494275367,-5.231460958410998,,,
1385841,86.0,-5.652478168296505,-0.21050860494275367,-5.231460958410998,,,
1421291,266.0,-4.979404916878857,-0.196316374779827,-4.586772167319203,0.0,,
1421292,283.0,-5.506803359899248,-0.3898425691681761,-4.727118221562896,0.0,,
1421296,168.0,-5.506803359899248,-0.3898425691681761,-4.727118221562896,,,
1421314,102.0,-4.979404916878857,-0.196316374779827,-4.586772167319203,,,
1421315,153.0,-5.506803359899248,-0.3898425691681761,-4.727118221562896,,,
1421318,60.0,-4.979404916878857,-0.196316374779827,-4.586772167319203,,,
1421329,169.0,-5.506803359899248,-0.3898425691681761,-4.727118221562896,,,
1421336,195.0,-4.979404916878857,-0.196316374779827,-4.586772167319203,0.0,0.0,0.0
1421341,99.0,-5.506803359899248,-0.3898425691681761,-4.727118221562896,0.0,,
1421345,144.0,-5.506803359899248,-0.3898425691681761,-4.727118221562896,,0.0,
1462752,195.5,-7.120415676786011,-1.3130885806933956,-4.4942385153992195,,,
1462753,69.5,-7.120415676786011,-1.3130885806933956,-4.4942385153992195,,,
1462754,56.5,-7.120415676786011,-1.3130885806933956,-4.4942385153992195,,,
1468445,42.0,-6.027973229701718,-1.1618844772819423,-3.7042042751378337,,,
1506051,63.0,-6.109817045540125,-1.221331860707667,-3.667153324124791,,,
1506053,35.0,-3.8496685928342753,-0.059229715458474684,-3.731209161917326,,,
1522487,30.0,-13.773514758320703,-2.818791891562721,-8.135930975195262,-13.773514758320703,-13.773514758320703,-14.200715766179044
1522489,46.0,-9.93729918726249,-2.821633402362485,-4.2940323825375195,-9.93729918726249,-9.93729918726249,-10.364500195120831
1522492,65.0,-11.166049285770239,-2.8204950620606066,-5.525059161649025,-11.166049285770239,-11.166049285770239,-11.593250293628582
1525074,848.0,-6.2784566842475416,-1.2125195401549094,-3.853417603937723,-6.2784566842475416,-6.2784566842475416,-6.705657692105886
1525079,54.0,-6.24582555619773,-1.209603363888801,-3.8266188284201275,-6.24582555619773,-6.24582555619773,-6.673026564056074
1525089,67.0,-6.231939818138465,-1.2082843245031558,-3.8153711691321535,-6.231939818138465,-6.231939818138465,-6.659140825996809
